Year,Series,Territorio,Comarca,Municipio,Units,GeoCode,Value
2011,NY_GDP_PCAP,,,,CON_EUR,,0
2020,NY_GDP_PCAP,,,,CON_EUR,,-9.7
2022,NY_GDP_PCAP,,,,CON_EUR,,5.3
2021,NY_GDP_PCAP,,,,CON_EUR,,6.3
2018,NY_GDP_PCAP,,,,CON_EUR,,2.8
2019,NY_GDP_PCAP,,,,CON_EUR,,1.8
2016,NY_GDP_PCAP,,,,CON_EUR,,3.2
2014,NY_GDP_PCAP,,,,CON_EUR,,1.8
2013,NY_GDP_PCAP,,,,CON_EUR,,-1.6
2012,NY_GDP_PCAP,,,,CON_EUR,,-2
2017,NY_GDP_PCAP,,,,CON_EUR,,2.6
2010,NY_GDP_PCAP,,,,CON_EUR,,0.5
2015,NY_GDP_PCAP,,,,CON_EUR,,3
2022,NY_GDP_PCAP,ES211,,,CON_EUR,ES211,3.9
2019,NY_GDP_PCAP,ES211,,,CON_EUR,ES211,1.1
2010,NY_GDP_PCAP,ES211,,,CON_EUR,ES211,0.4
2011,NY_GDP_PCAP,ES211,,,CON_EUR,ES211,0.1
2017,NY_GDP_PCAP,ES211,,,CON_EUR,ES211,1.6
2018,NY_GDP_PCAP,ES211,,,CON_EUR,ES211,1.5
2013,NY_GDP_PCAP,ES211,,,CON_EUR,ES211,-1.4
2012,NY_GDP_PCAP,ES211,,,CON_EUR,ES211,-2.6
2014,NY_GDP_PCAP,ES211,,,CON_EUR,ES211,1.8
2020,NY_GDP_PCAP,ES211,,,CON_EUR,ES211,-10.7
2021,NY_GDP_PCAP,ES211,,,CON_EUR,ES211,5.9
2016,NY_GDP_PCAP,ES211,,,CON_EUR,ES211,2.8
2015,NY_GDP_PCAP,ES211,,,CON_EUR,ES211,2.6
2012,NY_GDP_PCAP,ES213,,,CON_EUR,ES213,-1.7
2020,NY_GDP_PCAP,ES213,,,CON_EUR,ES213,-10.1
2010,NY_GDP_PCAP,ES213,,,CON_EUR,ES213,0.3
2021,NY_GDP_PCAP,ES213,,,CON_EUR,ES213,6.3
2011,NY_GDP_PCAP,ES213,,,CON_EUR,ES213,-0.1
2013,NY_GDP_PCAP,ES213,,,CON_EUR,ES213,-2.1
2019,NY_GDP_PCAP,ES213,,,CON_EUR,ES213,2.2
2017,NY_GDP_PCAP,ES213,,,CON_EUR,ES213,2.6
2022,NY_GDP_PCAP,ES213,,,CON_EUR,ES213,4.2
2015,NY_GDP_PCAP,ES213,,,CON_EUR,ES213,3.3
2014,NY_GDP_PCAP,ES213,,,CON_EUR,ES213,1.5
2016,NY_GDP_PCAP,ES213,,,CON_EUR,ES213,3.1
2018,NY_GDP_PCAP,ES213,,,CON_EUR,ES213,3.4
2010,NY_GDP_PCAP,ES212,,,CON_EUR,ES212,0.6
2012,NY_GDP_PCAP,ES212,,,CON_EUR,ES212,-2.1
2017,NY_GDP_PCAP,ES212,,,CON_EUR,ES212,2.9
2014,NY_GDP_PCAP,ES212,,,CON_EUR,ES212,1.8
2021,NY_GDP_PCAP,ES212,,,CON_EUR,ES212,6.5
2020,NY_GDP_PCAP,ES212,,,CON_EUR,ES212,-9.2
2011,NY_GDP_PCAP,ES212,,,CON_EUR,ES212,0.1
2015,NY_GDP_PCAP,ES212,,,CON_EUR,ES212,3
2018,NY_GDP_PCAP,ES212,,,CON_EUR,ES212,2.8
2019,NY_GDP_PCAP,ES212,,,CON_EUR,ES212,1.8
2013,NY_GDP_PCAP,ES212,,,CON_EUR,ES212,-1.1
2016,NY_GDP_PCAP,ES212,,,CON_EUR,ES212,3.6
2022,NY_GDP_PCAP,ES212,,,CON_EUR,ES212,6.5
2017,EU_GDP_PCAPNOM,,,,EUR,,3.2
2015,EU_GDP_PCAPNOM,,,,EUR,,3.2
2020,EU_GDP_PCAPNOM,,,,EUR,,-9.8
2022,EU_GDP_PCAPNOM,,,,EUR,,10.5
2019,EU_GDP_PCAPNOM,,,,EUR,,3
2021,EU_GDP_PCAPNOM,,,,EUR,,9
2016,EU_GDP_PCAPNOM,,,,EUR,,3.9
2018,EU_GDP_PCAPNOM,,,,EUR,,4
2018,EU_GDP_PCAPNOM,,,ES48001,EUR,ES48001,0.3
2019,EU_GDP_PCAPNOM,,,ES48001,EUR,ES48001,2.3
2015,EU_GDP_PCAPNOM,,,ES48001,EUR,ES48001,7.2
2021,EU_GDP_PCAPNOM,,,ES48001,EUR,ES48001,28.1
2016,EU_GDP_PCAPNOM,,,ES48001,EUR,ES48001,5.6
2020,EU_GDP_PCAPNOM,,,ES48001,EUR,ES48001,-14.5
2017,EU_GDP_PCAPNOM,,,ES48001,EUR,ES48001,-0.4
2016,EU_GDP_PCAPNOM,,,ES20001,EUR,ES20001,6.1
2021,EU_GDP_PCAPNOM,,,ES20001,EUR,ES20001,-7.5
2019,EU_GDP_PCAPNOM,,,ES20001,EUR,ES20001,8.9
2015,EU_GDP_PCAPNOM,,,ES20001,EUR,ES20001,-7.7
2017,EU_GDP_PCAPNOM,,,ES20001,EUR,ES20001,23
2020,EU_GDP_PCAPNOM,,,ES20001,EUR,ES20001,-11.8
2018,EU_GDP_PCAPNOM,,,ES20001,EUR,ES20001,4
2015,EU_GDP_PCAPNOM,,,ES48002,EUR,ES48002,3
2017,EU_GDP_PCAPNOM,,,ES48002,EUR,ES48002,5.1
2021,EU_GDP_PCAPNOM,,,ES48002,EUR,ES48002,5.6
2018,EU_GDP_PCAPNOM,,,ES48002,EUR,ES48002,4.6
2016,EU_GDP_PCAPNOM,,,ES48002,EUR,ES48002,3.2
2020,EU_GDP_PCAPNOM,,,ES48002,EUR,ES48002,-7.6
2019,EU_GDP_PCAPNOM,,,ES48002,EUR,ES48002,7.2
2018,EU_GDP_PCAPNOM,,,ES20002,EUR,ES20002,10.2
2019,EU_GDP_PCAPNOM,,,ES20002,EUR,ES20002,8
2015,EU_GDP_PCAPNOM,,,ES20002,EUR,ES20002,1.6
2016,EU_GDP_PCAPNOM,,,ES20002,EUR,ES20002,-0.9
2017,EU_GDP_PCAPNOM,,,ES20002,EUR,ES20002,11.4
2020,EU_GDP_PCAPNOM,,,ES20002,EUR,ES20002,11
2021,EU_GDP_PCAPNOM,,,ES20002,EUR,ES20002,14.4
2017,EU_GDP_PCAPNOM,,,ES01051,EUR,ES01051,8.3
2021,EU_GDP_PCAPNOM,,,ES01051,EUR,ES01051,17.5
2020,EU_GDP_PCAPNOM,,,ES01051,EUR,ES01051,-9.8
2018,EU_GDP_PCAPNOM,,,ES01051,EUR,ES01051,7.3
2019,EU_GDP_PCAPNOM,,,ES01051,EUR,ES01051,0.1
2015,EU_GDP_PCAPNOM,,,ES01051,EUR,ES01051,2.9
2016,EU_GDP_PCAPNOM,,,ES01051,EUR,ES01051,2.4
2015,EU_GDP_PCAPNOM,,,ES20016,EUR,ES20016,-0.9
2021,EU_GDP_PCAPNOM,,,ES20016,EUR,ES20016,7.5
2016,EU_GDP_PCAPNOM,,,ES20016,EUR,ES20016,10.8
2020,EU_GDP_PCAPNOM,,,ES20016,EUR,ES20016,-8.9
2019,EU_GDP_PCAPNOM,,,ES20016,EUR,ES20016,5.9
2017,EU_GDP_PCAPNOM,,,ES20016,EUR,ES20016,0.7
2018,EU_GDP_PCAPNOM,,,ES20016,EUR,ES20016,4.5
2015,EU_GDP_PCAPNOM,,,ES20003,EUR,ES20003,5.1
2016,EU_GDP_PCAPNOM,,,ES20003,EUR,ES20003,-0.7
2020,EU_GDP_PCAPNOM,,,ES20003,EUR,ES20003,-9.2
2021,EU_GDP_PCAPNOM,,,ES20003,EUR,ES20003,54.6
2019,EU_GDP_PCAPNOM,,,ES20003,EUR,ES20003,28.4
2018,EU_GDP_PCAPNOM,,,ES20003,EUR,ES20003,7
2017,EU_GDP_PCAPNOM,,,ES20003,EUR,ES20003,11.8
2018,EU_GDP_PCAPNOM,,,ES48911,EUR,ES48911,5.5
2016,EU_GDP_PCAPNOM,,,ES48911,EUR,ES48911,-6
2017,EU_GDP_PCAPNOM,,,ES48911,EUR,ES48911,3.7
2020,EU_GDP_PCAPNOM,,,ES48911,EUR,ES48911,-8.5
2015,EU_GDP_PCAPNOM,,,ES48911,EUR,ES48911,15.2
2021,EU_GDP_PCAPNOM,,,ES48911,EUR,ES48911,6.7
2019,EU_GDP_PCAPNOM,,,ES48911,EUR,ES48911,0.9
2016,EU_GDP_PCAPNOM,,,ES20004,EUR,ES20004,-2.4
2020,EU_GDP_PCAPNOM,,,ES20004,EUR,ES20004,-1.3
2015,EU_GDP_PCAPNOM,,,ES20004,EUR,ES20004,37.5
2017,EU_GDP_PCAPNOM,,,ES20004,EUR,ES20004,11.3
2021,EU_GDP_PCAPNOM,,,ES20004,EUR,ES20004,17.9
2019,EU_GDP_PCAPNOM,,,ES20004,EUR,ES20004,1.8
2018,EU_GDP_PCAPNOM,,,ES20004,EUR,ES20004,13
2019,EU_GDP_PCAPNOM,,,ES20005,EUR,ES20005,1.4
2015,EU_GDP_PCAPNOM,,,ES20005,EUR,ES20005,10.4
2018,EU_GDP_PCAPNOM,,,ES20005,EUR,ES20005,8.3
2020,EU_GDP_PCAPNOM,,,ES20005,EUR,ES20005,6.2
2016,EU_GDP_PCAPNOM,,,ES20005,EUR,ES20005,-2.9
2021,EU_GDP_PCAPNOM,,,ES20005,EUR,ES20005,11.5
2017,EU_GDP_PCAPNOM,,,ES20005,EUR,ES20005,3.1
2018,EU_GDP_PCAPNOM,,,ES01001,EUR,ES01001,7.1
2020,EU_GDP_PCAPNOM,,,ES01001,EUR,ES01001,-9.2
2019,EU_GDP_PCAPNOM,,,ES01001,EUR,ES01001,4.2
2015,EU_GDP_PCAPNOM,,,ES01001,EUR,ES01001,-3.1
2021,EU_GDP_PCAPNOM,,,ES01001,EUR,ES01001,10.5
2016,EU_GDP_PCAPNOM,,,ES01001,EUR,ES01001,14.8
2017,EU_GDP_PCAPNOM,,,ES01001,EUR,ES01001,-20.7
2016,EU_GDP_PCAPNOM,,,ES20006,EUR,ES20006,9.3
2019,EU_GDP_PCAPNOM,,,ES20006,EUR,ES20006,7.6
2020,EU_GDP_PCAPNOM,,,ES20006,EUR,ES20006,-17.1
2015,EU_GDP_PCAPNOM,,,ES20006,EUR,ES20006,-2.7
2017,EU_GDP_PCAPNOM,,,ES20006,EUR,ES20006,-2.9
2021,EU_GDP_PCAPNOM,,,ES20006,EUR,ES20006,9.1
2018,EU_GDP_PCAPNOM,,,ES20006,EUR,ES20006,1.5
2015,EU_GDP_PCAPNOM,,,ES48912,EUR,ES48912,-5
2019,EU_GDP_PCAPNOM,,,ES48912,EUR,ES48912,15.3
2016,EU_GDP_PCAPNOM,,,ES48912,EUR,ES48912,-0.3
2021,EU_GDP_PCAPNOM,,,ES48912,EUR,ES48912,-2.7
2017,EU_GDP_PCAPNOM,,,ES48912,EUR,ES48912,7.3
2018,EU_GDP_PCAPNOM,,,ES48912,EUR,ES48912,8.2
2020,EU_GDP_PCAPNOM,,,ES48912,EUR,ES48912,-10.1
2015,EU_GDP_PCAPNOM,,,ES20906,EUR,ES20906,11.8
2021,EU_GDP_PCAPNOM,,,ES20906,EUR,ES20906,-1.1
2017,EU_GDP_PCAPNOM,,,ES20906,EUR,ES20906,6.7
2016,EU_GDP_PCAPNOM,,,ES20906,EUR,ES20906,-15
2018,EU_GDP_PCAPNOM,,,ES20906,EUR,ES20906,-3.7
2020,EU_GDP_PCAPNOM,,,ES20906,EUR,ES20906,-12.4
2019,EU_GDP_PCAPNOM,,,ES20906,EUR,ES20906,26.5
2020,EU_GDP_PCAPNOM,,,ES20007,EUR,ES20007,5.6
2017,EU_GDP_PCAPNOM,,,ES20007,EUR,ES20007,-22.3
2016,EU_GDP_PCAPNOM,,,ES20007,EUR,ES20007,-11.9
2021,EU_GDP_PCAPNOM,,,ES20007,EUR,ES20007,-1.7
2015,EU_GDP_PCAPNOM,,,ES20007,EUR,ES20007,8.3
2018,EU_GDP_PCAPNOM,,,ES20007,EUR,ES20007,17.8
2019,EU_GDP_PCAPNOM,,,ES20007,EUR,ES20007,15.5
2020,EU_GDP_PCAPNOM,,,ES20008,EUR,ES20008,-10.2
2015,EU_GDP_PCAPNOM,,,ES20008,EUR,ES20008,14.7
2017,EU_GDP_PCAPNOM,,,ES20008,EUR,ES20008,-0.5
2018,EU_GDP_PCAPNOM,,,ES20008,EUR,ES20008,7.2
2016,EU_GDP_PCAPNOM,,,ES20008,EUR,ES20008,1.6
2019,EU_GDP_PCAPNOM,,,ES20008,EUR,ES20008,29.3
2021,EU_GDP_PCAPNOM,,,ES20008,EUR,ES20008,20.9
2015,EU_GDP_PCAPNOM,,,ES48003,EUR,ES48003,7.2
2020,EU_GDP_PCAPNOM,,,ES48003,EUR,ES48003,-4.6
2017,EU_GDP_PCAPNOM,,,ES48003,EUR,ES48003,7.1
2021,EU_GDP_PCAPNOM,,,ES48003,EUR,ES48003,23.6
2018,EU_GDP_PCAPNOM,,,ES48003,EUR,ES48003,3.4
2019,EU_GDP_PCAPNOM,,,ES48003,EUR,ES48003,1.3
2016,EU_GDP_PCAPNOM,,,ES48003,EUR,ES48003,3.5
2016,EU_GDP_PCAPNOM,,,ES48004,EUR,ES48004,0.6
2015,EU_GDP_PCAPNOM,,,ES48004,EUR,ES48004,-9.8
2021,EU_GDP_PCAPNOM,,,ES48004,EUR,ES48004,4.1
2018,EU_GDP_PCAPNOM,,,ES48004,EUR,ES48004,13.7
2017,EU_GDP_PCAPNOM,,,ES48004,EUR,ES48004,4.7
2020,EU_GDP_PCAPNOM,,,ES48004,EUR,ES48004,-11.6
2019,EU_GDP_PCAPNOM,,,ES48004,EUR,ES48004,22.1
2020,EU_GDP_PCAPNOM,,,ES01002,EUR,ES01002,-19.6
2019,EU_GDP_PCAPNOM,,,ES01002,EUR,ES01002,-5.4
2016,EU_GDP_PCAPNOM,,,ES01002,EUR,ES01002,3.7
2018,EU_GDP_PCAPNOM,,,ES01002,EUR,ES01002,4
2015,EU_GDP_PCAPNOM,,,ES01002,EUR,ES01002,-6.4
2017,EU_GDP_PCAPNOM,,,ES01002,EUR,ES01002,2
2021,EU_GDP_PCAPNOM,,,ES01002,EUR,ES01002,-0.9
2021,EU_GDP_PCAPNOM,,,ES20009,EUR,ES20009,0.2
2016,EU_GDP_PCAPNOM,,,ES20009,EUR,ES20009,8.2
2020,EU_GDP_PCAPNOM,,,ES20009,EUR,ES20009,-11
2019,EU_GDP_PCAPNOM,,,ES20009,EUR,ES20009,3.2
2018,EU_GDP_PCAPNOM,,,ES20009,EUR,ES20009,2.4
2017,EU_GDP_PCAPNOM,,,ES20009,EUR,ES20009,0
2015,EU_GDP_PCAPNOM,,,ES20009,EUR,ES20009,-5.9
2015,EU_GDP_PCAPNOM,,,ES20010,EUR,ES20010,-1.6
2019,EU_GDP_PCAPNOM,,,ES20010,EUR,ES20010,7.7
2020,EU_GDP_PCAPNOM,,,ES20010,EUR,ES20010,-7.3
2016,EU_GDP_PCAPNOM,,,ES20010,EUR,ES20010,-0.3
2017,EU_GDP_PCAPNOM,,,ES20010,EUR,ES20010,3.6
2018,EU_GDP_PCAPNOM,,,ES20010,EUR,ES20010,3.7
2021,EU_GDP_PCAPNOM,,,ES20010,EUR,ES20010,1.7
2017,EU_GDP_PCAPNOM,,,ES20011,EUR,ES20011,0.6
2019,EU_GDP_PCAPNOM,,,ES20011,EUR,ES20011,4.1
2016,EU_GDP_PCAPNOM,,,ES20011,EUR,ES20011,4.1
2018,EU_GDP_PCAPNOM,,,ES20011,EUR,ES20011,-7.2
2015,EU_GDP_PCAPNOM,,,ES20011,EUR,ES20011,4.1
2021,EU_GDP_PCAPNOM,,,ES20011,EUR,ES20011,8
2020,EU_GDP_PCAPNOM,,,ES20011,EUR,ES20011,-3.3
2019,EU_GDP_PCAPNOM,,,ES01049,EUR,ES01049,-15.4
2016,EU_GDP_PCAPNOM,,,ES01049,EUR,ES01049,21.4
2018,EU_GDP_PCAPNOM,,,ES01049,EUR,ES01049,19
2021,EU_GDP_PCAPNOM,,,ES01049,EUR,ES01049,1.8
2017,EU_GDP_PCAPNOM,,,ES01049,EUR,ES01049,-4.6
2020,EU_GDP_PCAPNOM,,,ES01049,EUR,ES01049,-2.6
2015,EU_GDP_PCAPNOM,,,ES01049,EUR,ES01049,-5.4
2017,EU_GDP_PCAPNOM,,,ES48005,EUR,ES48005,2.8
2016,EU_GDP_PCAPNOM,,,ES48005,EUR,ES48005,8.4
2019,EU_GDP_PCAPNOM,,,ES48005,EUR,ES48005,3.1
2021,EU_GDP_PCAPNOM,,,ES48005,EUR,ES48005,2.3
2015,EU_GDP_PCAPNOM,,,ES48005,EUR,ES48005,-35.5
2020,EU_GDP_PCAPNOM,,,ES48005,EUR,ES48005,-23.1
2018,EU_GDP_PCAPNOM,,,ES48005,EUR,ES48005,-0.8
2019,EU_GDP_PCAPNOM,,,ES20012,EUR,ES20012,36
2017,EU_GDP_PCAPNOM,,,ES20012,EUR,ES20012,8.2
2016,EU_GDP_PCAPNOM,,,ES20012,EUR,ES20012,209.3
2015,EU_GDP_PCAPNOM,,,ES20012,EUR,ES20012,8.7
2018,EU_GDP_PCAPNOM,,,ES20012,EUR,ES20012,-2.1
2020,EU_GDP_PCAPNOM,,,ES20012,EUR,ES20012,-24.5
2021,EU_GDP_PCAPNOM,,,ES20012,EUR,ES20012,31.9
2018,EU_GDP_PCAPNOM,,,ES01003,EUR,ES01003,-7.6
2021,EU_GDP_PCAPNOM,,,ES01003,EUR,ES01003,8.7
2019,EU_GDP_PCAPNOM,,,ES01003,EUR,ES01003,1.1
2015,EU_GDP_PCAPNOM,,,ES01003,EUR,ES01003,-7.4
2017,EU_GDP_PCAPNOM,,,ES01003,EUR,ES01003,2.7
2016,EU_GDP_PCAPNOM,,,ES01003,EUR,ES01003,1.9
2020,EU_GDP_PCAPNOM,,,ES01003,EUR,ES01003,-5.4
2020,EU_GDP_PCAPNOM,,,ES48006,EUR,ES48006,-12.1
2018,EU_GDP_PCAPNOM,,,ES48006,EUR,ES48006,-5.4
2016,EU_GDP_PCAPNOM,,,ES48006,EUR,ES48006,0.7
2017,EU_GDP_PCAPNOM,,,ES48006,EUR,ES48006,5.8
2015,EU_GDP_PCAPNOM,,,ES48006,EUR,ES48006,25.3
2019,EU_GDP_PCAPNOM,,,ES48006,EUR,ES48006,-2.1
2021,EU_GDP_PCAPNOM,,,ES48006,EUR,ES48006,4.3
2015,EU_GDP_PCAPNOM,,,ES48093,EUR,ES48093,15
2017,EU_GDP_PCAPNOM,,,ES48093,EUR,ES48093,1.8
2020,EU_GDP_PCAPNOM,,,ES48093,EUR,ES48093,-24.4
2021,EU_GDP_PCAPNOM,,,ES48093,EUR,ES48093,3.7
2018,EU_GDP_PCAPNOM,,,ES48093,EUR,ES48093,-1.2
2016,EU_GDP_PCAPNOM,,,ES48093,EUR,ES48093,-0.2
2019,EU_GDP_PCAPNOM,,,ES48093,EUR,ES48093,6
2019,EU_GDP_PCAPNOM,,,ES20013,EUR,ES20013,7.7
2021,EU_GDP_PCAPNOM,,,ES20013,EUR,ES20013,5.2
2016,EU_GDP_PCAPNOM,,,ES20013,EUR,ES20013,-0.2
2018,EU_GDP_PCAPNOM,,,ES20013,EUR,ES20013,1.5
2015,EU_GDP_PCAPNOM,,,ES20013,EUR,ES20013,0.9
2020,EU_GDP_PCAPNOM,,,ES20013,EUR,ES20013,-3.6
2017,EU_GDP_PCAPNOM,,,ES20013,EUR,ES20013,0.1
2020,EU_GDP_PCAPNOM,,,ES01006,EUR,ES01006,-27.1
2015,EU_GDP_PCAPNOM,,,ES01006,EUR,ES01006,-9.1
2018,EU_GDP_PCAPNOM,,,ES01006,EUR,ES01006,4
2021,EU_GDP_PCAPNOM,,,ES01006,EUR,ES01006,9
2016,EU_GDP_PCAPNOM,,,ES01006,EUR,ES01006,5.3
2019,EU_GDP_PCAPNOM,,,ES01006,EUR,ES01006,-9.7
2017,EU_GDP_PCAPNOM,,,ES01006,EUR,ES01006,13.3
2021,EU_GDP_PCAPNOM,,,ES01037,EUR,ES01037,0.2
2016,EU_GDP_PCAPNOM,,,ES01037,EUR,ES01037,1.3
2019,EU_GDP_PCAPNOM,,,ES01037,EUR,ES01037,0.6
2020,EU_GDP_PCAPNOM,,,ES01037,EUR,ES01037,-14.8
2017,EU_GDP_PCAPNOM,,,ES01037,EUR,ES01037,-8.3
2015,EU_GDP_PCAPNOM,,,ES01037,EUR,ES01037,3.3
2018,EU_GDP_PCAPNOM,,,ES01037,EUR,ES01037,5.8
2021,EU_GDP_PCAPNOM,,,ES48009,EUR,ES48009,20.3
2015,EU_GDP_PCAPNOM,,,ES48009,EUR,ES48009,-1.5
2018,EU_GDP_PCAPNOM,,,ES48009,EUR,ES48009,3.9
2016,EU_GDP_PCAPNOM,,,ES48009,EUR,ES48009,3.5
2017,EU_GDP_PCAPNOM,,,ES48009,EUR,ES48009,12.5
2019,EU_GDP_PCAPNOM,,,ES48009,EUR,ES48009,-13.3
2020,EU_GDP_PCAPNOM,,,ES48009,EUR,ES48009,0.7
2019,EU_GDP_PCAPNOM,,,ES20055,EUR,ES20055,9
2021,EU_GDP_PCAPNOM,,,ES20055,EUR,ES20055,8.5
2020,EU_GDP_PCAPNOM,,,ES20055,EUR,ES20055,-3.7
2017,EU_GDP_PCAPNOM,,,ES20055,EUR,ES20055,2
2015,EU_GDP_PCAPNOM,,,ES20055,EUR,ES20055,2.3
2016,EU_GDP_PCAPNOM,,,ES20055,EUR,ES20055,-0.4
2018,EU_GDP_PCAPNOM,,,ES20055,EUR,ES20055,7.6
2021,EU_GDP_PCAPNOM,,,ES48914,EUR,ES48914,10.2
2019,EU_GDP_PCAPNOM,,,ES48914,EUR,ES48914,3.4
2015,EU_GDP_PCAPNOM,,,ES48914,EUR,ES48914,3.8
2018,EU_GDP_PCAPNOM,,,ES48914,EUR,ES48914,-0.1
2017,EU_GDP_PCAPNOM,,,ES48914,EUR,ES48914,-0.7
2016,EU_GDP_PCAPNOM,,,ES48914,EUR,ES48914,-7.8
2020,EU_GDP_PCAPNOM,,,ES48914,EUR,ES48914,1.1
2020,EU_GDP_PCAPNOM,,,ES01008,EUR,ES01008,-8.7
2021,EU_GDP_PCAPNOM,,,ES01008,EUR,ES01008,8.7
2016,EU_GDP_PCAPNOM,,,ES01008,EUR,ES01008,-3.2
2018,EU_GDP_PCAPNOM,,,ES01008,EUR,ES01008,21.7
2019,EU_GDP_PCAPNOM,,,ES01008,EUR,ES01008,4.3
2015,EU_GDP_PCAPNOM,,,ES01008,EUR,ES01008,-1.8
2017,EU_GDP_PCAPNOM,,,ES01008,EUR,ES01008,-7.3
2019,EU_GDP_PCAPNOM,,,ES48010,EUR,ES48010,29.5
2016,EU_GDP_PCAPNOM,,,ES48010,EUR,ES48010,-6
2017,EU_GDP_PCAPNOM,,,ES48010,EUR,ES48010,4.3
2015,EU_GDP_PCAPNOM,,,ES48010,EUR,ES48010,3.6
2020,EU_GDP_PCAPNOM,,,ES48010,EUR,ES48010,-14.8
2021,EU_GDP_PCAPNOM,,,ES48010,EUR,ES48010,4.7
2018,EU_GDP_PCAPNOM,,,ES48010,EUR,ES48010,1.1
2015,EU_GDP_PCAPNOM,,,ES48011,EUR,ES48011,-0.9
2021,EU_GDP_PCAPNOM,,,ES48011,EUR,ES48011,8.2
2020,EU_GDP_PCAPNOM,,,ES48011,EUR,ES48011,-20.9
2019,EU_GDP_PCAPNOM,,,ES48011,EUR,ES48011,3.8
2017,EU_GDP_PCAPNOM,,,ES48011,EUR,ES48011,6.1
2016,EU_GDP_PCAPNOM,,,ES48011,EUR,ES48011,8
2018,EU_GDP_PCAPNOM,,,ES48011,EUR,ES48011,11.8
2019,EU_GDP_PCAPNOM,,,ES48023,EUR,ES48023,8.2
2015,EU_GDP_PCAPNOM,,,ES48023,EUR,ES48023,-17.4
2017,EU_GDP_PCAPNOM,,,ES48023,EUR,ES48023,5.4
2021,EU_GDP_PCAPNOM,,,ES48023,EUR,ES48023,12.7
2016,EU_GDP_PCAPNOM,,,ES48023,EUR,ES48023,24.7
2018,EU_GDP_PCAPNOM,,,ES48023,EUR,ES48023,5.8
2020,EU_GDP_PCAPNOM,,,ES48023,EUR,ES48023,-17.6
2016,EU_GDP_PCAPNOM,,,ES48008,EUR,ES48008,5.4
2020,EU_GDP_PCAPNOM,,,ES48008,EUR,ES48008,-15.4
2019,EU_GDP_PCAPNOM,,,ES48008,EUR,ES48008,18
2017,EU_GDP_PCAPNOM,,,ES48008,EUR,ES48008,8.4
2015,EU_GDP_PCAPNOM,,,ES48008,EUR,ES48008,9.6
2018,EU_GDP_PCAPNOM,,,ES48008,EUR,ES48008,-11.1
2021,EU_GDP_PCAPNOM,,,ES48008,EUR,ES48008,-1.7
2021,EU_GDP_PCAPNOM,,,ES01004,EUR,ES01004,-2.4
2020,EU_GDP_PCAPNOM,,,ES01004,EUR,ES01004,-6.8
2017,EU_GDP_PCAPNOM,,,ES01004,EUR,ES01004,-9.2
2018,EU_GDP_PCAPNOM,,,ES01004,EUR,ES01004,-15.9
2015,EU_GDP_PCAPNOM,,,ES01004,EUR,ES01004,6.5
2019,EU_GDP_PCAPNOM,,,ES01004,EUR,ES01004,6.5
2016,EU_GDP_PCAPNOM,,,ES01004,EUR,ES01004,-7.6
2020,EU_GDP_PCAPNOM,,,ES01009,EUR,ES01009,-34.9
2015,EU_GDP_PCAPNOM,,,ES01009,EUR,ES01009,11.1
2019,EU_GDP_PCAPNOM,,,ES01009,EUR,ES01009,8
2021,EU_GDP_PCAPNOM,,,ES01009,EUR,ES01009,25.6
2018,EU_GDP_PCAPNOM,,,ES01009,EUR,ES01009,0.6
2017,EU_GDP_PCAPNOM,,,ES01009,EUR,ES01009,21.2
2016,EU_GDP_PCAPNOM,,,ES01009,EUR,ES01009,-10.7
2015,EU_GDP_PCAPNOM,,,ES20014,EUR,ES20014,5.5
2017,EU_GDP_PCAPNOM,,,ES20014,EUR,ES20014,7.8
2016,EU_GDP_PCAPNOM,,,ES20014,EUR,ES20014,0.9
2019,EU_GDP_PCAPNOM,,,ES20014,EUR,ES20014,11.8
2018,EU_GDP_PCAPNOM,,,ES20014,EUR,ES20014,0
2021,EU_GDP_PCAPNOM,,,ES20014,EUR,ES20014,14
2020,EU_GDP_PCAPNOM,,,ES20014,EUR,ES20014,-8.3
2016,EU_GDP_PCAPNOM,,,ES20903,EUR,ES20903,-0.4
2020,EU_GDP_PCAPNOM,,,ES20903,EUR,ES20903,-21.4
2015,EU_GDP_PCAPNOM,,,ES20903,EUR,ES20903,-2.3
2019,EU_GDP_PCAPNOM,,,ES20903,EUR,ES20903,-5.3
2017,EU_GDP_PCAPNOM,,,ES20903,EUR,ES20903,9.8
2018,EU_GDP_PCAPNOM,,,ES20903,EUR,ES20903,5
2021,EU_GDP_PCAPNOM,,,ES20903,EUR,ES20903,7.2
2018,EU_GDP_PCAPNOM,,,ES20015,EUR,ES20015,-1.1
2020,EU_GDP_PCAPNOM,,,ES20015,EUR,ES20015,-9.1
2016,EU_GDP_PCAPNOM,,,ES20015,EUR,ES20015,7.9
2019,EU_GDP_PCAPNOM,,,ES20015,EUR,ES20015,4
2017,EU_GDP_PCAPNOM,,,ES20015,EUR,ES20015,2.6
2021,EU_GDP_PCAPNOM,,,ES20015,EUR,ES20015,4.6
2015,EU_GDP_PCAPNOM,,,ES20015,EUR,ES20015,13.5
2021,EU_GDP_PCAPNOM,,,ES48091,EUR,ES48091,5
2019,EU_GDP_PCAPNOM,,,ES48091,EUR,ES48091,11.3
2016,EU_GDP_PCAPNOM,,,ES48091,EUR,ES48091,3.6
2017,EU_GDP_PCAPNOM,,,ES48091,EUR,ES48091,0.6
2018,EU_GDP_PCAPNOM,,,ES48091,EUR,ES48091,-4
2020,EU_GDP_PCAPNOM,,,ES48091,EUR,ES48091,-1.3
2015,EU_GDP_PCAPNOM,,,ES48091,EUR,ES48091,4
2016,EU_GDP_PCAPNOM,,,ES48070,EUR,ES48070,-2.9
2015,EU_GDP_PCAPNOM,,,ES48070,EUR,ES48070,2.6
2019,EU_GDP_PCAPNOM,,,ES48070,EUR,ES48070,7
2020,EU_GDP_PCAPNOM,,,ES48070,EUR,ES48070,11.4
2018,EU_GDP_PCAPNOM,,,ES48070,EUR,ES48070,0.1
2021,EU_GDP_PCAPNOM,,,ES48070,EUR,ES48070,2.1
2017,EU_GDP_PCAPNOM,,,ES48070,EUR,ES48070,-4.7
2018,EU_GDP_PCAPNOM,,,ES01010,EUR,ES01010,4.6
2019,EU_GDP_PCAPNOM,,,ES01010,EUR,ES01010,-3.1
2020,EU_GDP_PCAPNOM,,,ES01010,EUR,ES01010,-14.2
2021,EU_GDP_PCAPNOM,,,ES01010,EUR,ES01010,11.5
2015,EU_GDP_PCAPNOM,,,ES01010,EUR,ES01010,0.3
2016,EU_GDP_PCAPNOM,,,ES01010,EUR,ES01010,-0.1
2017,EU_GDP_PCAPNOM,,,ES01010,EUR,ES01010,-2.5
2018,EU_GDP_PCAPNOM,,,ES20017,EUR,ES20017,17.4
2016,EU_GDP_PCAPNOM,,,ES20017,EUR,ES20017,5.5
2017,EU_GDP_PCAPNOM,,,ES20017,EUR,ES20017,0.2
2020,EU_GDP_PCAPNOM,,,ES20017,EUR,ES20017,-7.3
2019,EU_GDP_PCAPNOM,,,ES20017,EUR,ES20017,-5.9
2021,EU_GDP_PCAPNOM,,,ES20017,EUR,ES20017,17.3
2015,EU_GDP_PCAPNOM,,,ES20017,EUR,ES20017,1.2
2018,EU_GDP_PCAPNOM,,,ES20018,EUR,ES20018,9.9
2020,EU_GDP_PCAPNOM,,,ES20018,EUR,ES20018,-12.3
2021,EU_GDP_PCAPNOM,,,ES20018,EUR,ES20018,3.8
2017,EU_GDP_PCAPNOM,,,ES20018,EUR,ES20018,3.4
2015,EU_GDP_PCAPNOM,,,ES20018,EUR,ES20018,3.7
2019,EU_GDP_PCAPNOM,,,ES20018,EUR,ES20018,2.4
2016,EU_GDP_PCAPNOM,,,ES20018,EUR,ES20018,5
2018,EU_GDP_PCAPNOM,,,ES48012,EUR,ES48012,2.4
2015,EU_GDP_PCAPNOM,,,ES48012,EUR,ES48012,-4.6
2016,EU_GDP_PCAPNOM,,,ES48012,EUR,ES48012,0.9
2017,EU_GDP_PCAPNOM,,,ES48012,EUR,ES48012,7.8
2019,EU_GDP_PCAPNOM,,,ES48012,EUR,ES48012,-2.9
2020,EU_GDP_PCAPNOM,,,ES48012,EUR,ES48012,-16.5
2021,EU_GDP_PCAPNOM,,,ES48012,EUR,ES48012,0.9
2017,EU_GDP_PCAPNOM,,,ES20904,EUR,ES20904,13.3
2019,EU_GDP_PCAPNOM,,,ES20904,EUR,ES20904,6.6
2018,EU_GDP_PCAPNOM,,,ES20904,EUR,ES20904,-2.6
2015,EU_GDP_PCAPNOM,,,ES20904,EUR,ES20904,12.3
2021,EU_GDP_PCAPNOM,,,ES20904,EUR,ES20904,33.9
2016,EU_GDP_PCAPNOM,,,ES20904,EUR,ES20904,-3.9
2020,EU_GDP_PCAPNOM,,,ES20904,EUR,ES20904,-5.9
2020,EU_GDP_PCAPNOM,,,ES48090,EUR,ES48090,-7.8
2016,EU_GDP_PCAPNOM,,,ES48090,EUR,ES48090,-3.4
2017,EU_GDP_PCAPNOM,,,ES48090,EUR,ES48090,-2.8
2019,EU_GDP_PCAPNOM,,,ES48090,EUR,ES48090,7.4
2021,EU_GDP_PCAPNOM,,,ES48090,EUR,ES48090,0.6
2015,EU_GDP_PCAPNOM,,,ES48090,EUR,ES48090,10
2018,EU_GDP_PCAPNOM,,,ES48090,EUR,ES48090,-3.8
2021,EU_GDP_PCAPNOM,,,ES01011,EUR,ES01011,18.9
2015,EU_GDP_PCAPNOM,,,ES01011,EUR,ES01011,19
2018,EU_GDP_PCAPNOM,,,ES01011,EUR,ES01011,7.9
2019,EU_GDP_PCAPNOM,,,ES01011,EUR,ES01011,-18.2
2017,EU_GDP_PCAPNOM,,,ES01011,EUR,ES01011,-2
2020,EU_GDP_PCAPNOM,,,ES01011,EUR,ES01011,-31.6
2016,EU_GDP_PCAPNOM,,,ES01011,EUR,ES01011,24.1
2015,EU_GDP_PCAPNOM,,,ES48013,EUR,ES48013,6.3
2017,EU_GDP_PCAPNOM,,,ES48013,EUR,ES48013,2.5
2018,EU_GDP_PCAPNOM,,,ES48013,EUR,ES48013,1.6
2020,EU_GDP_PCAPNOM,,,ES48013,EUR,ES48013,-6.8
2021,EU_GDP_PCAPNOM,,,ES48013,EUR,ES48013,5
2019,EU_GDP_PCAPNOM,,,ES48013,EUR,ES48013,1.7
2016,EU_GDP_PCAPNOM,,,ES48013,EUR,ES48013,-3.4
2015,EU_GDP_PCAPNOM,,,ES48014,EUR,ES48014,1.3
2020,EU_GDP_PCAPNOM,,,ES48014,EUR,ES48014,-14.4
2019,EU_GDP_PCAPNOM,,,ES48014,EUR,ES48014,9.7
2017,EU_GDP_PCAPNOM,,,ES48014,EUR,ES48014,1.7
2018,EU_GDP_PCAPNOM,,,ES48014,EUR,ES48014,0.3
2021,EU_GDP_PCAPNOM,,,ES48014,EUR,ES48014,10.8
2016,EU_GDP_PCAPNOM,,,ES48014,EUR,ES48014,-0.9
2016,EU_GDP_PCAPNOM,,,ES01013,EUR,ES01013,-5.2
2021,EU_GDP_PCAPNOM,,,ES01013,EUR,ES01013,7.3
2020,EU_GDP_PCAPNOM,,,ES01013,EUR,ES01013,-13.2
2019,EU_GDP_PCAPNOM,,,ES01013,EUR,ES01013,-7.7
2017,EU_GDP_PCAPNOM,,,ES01013,EUR,ES01013,-7.7
2015,EU_GDP_PCAPNOM,,,ES01013,EUR,ES01013,16.8
2018,EU_GDP_PCAPNOM,,,ES01013,EUR,ES01013,10.9
2021,EU_GDP_PCAPNOM,,,ES48015,EUR,ES48015,10.2
2017,EU_GDP_PCAPNOM,,,ES48015,EUR,ES48015,4.4
2018,EU_GDP_PCAPNOM,,,ES48015,EUR,ES48015,6.1
2015,EU_GDP_PCAPNOM,,,ES48015,EUR,ES48015,-0.2
2019,EU_GDP_PCAPNOM,,,ES48015,EUR,ES48015,1.1
2016,EU_GDP_PCAPNOM,,,ES48015,EUR,ES48015,4.8
2020,EU_GDP_PCAPNOM,,,ES48015,EUR,ES48015,-11.3
2019,EU_GDP_PCAPNOM,,,ES20019,EUR,ES20019,3.6
2015,EU_GDP_PCAPNOM,,,ES20019,EUR,ES20019,3.4
2021,EU_GDP_PCAPNOM,,,ES20019,EUR,ES20019,9.2
2020,EU_GDP_PCAPNOM,,,ES20019,EUR,ES20019,-10.5
2018,EU_GDP_PCAPNOM,,,ES20019,EUR,ES20019,19.4
2017,EU_GDP_PCAPNOM,,,ES20019,EUR,ES20019,14.6
2016,EU_GDP_PCAPNOM,,,ES20019,EUR,ES20019,-0.2
2016,EU_GDP_PCAPNOM,,,ES48092,EUR,ES48092,14.5
2019,EU_GDP_PCAPNOM,,,ES48092,EUR,ES48092,13.7
2020,EU_GDP_PCAPNOM,,,ES48092,EUR,ES48092,-18
2015,EU_GDP_PCAPNOM,,,ES48092,EUR,ES48092,-0.9
2021,EU_GDP_PCAPNOM,,,ES48092,EUR,ES48092,7.3
2018,EU_GDP_PCAPNOM,,,ES48092,EUR,ES48092,1.3
2017,EU_GDP_PCAPNOM,,,ES48092,EUR,ES48092,-4.1
2020,EU_GDP_PCAPNOM,,,ES20020,EUR,ES20020,-0.1
2018,EU_GDP_PCAPNOM,,,ES20020,EUR,ES20020,-7.7
2015,EU_GDP_PCAPNOM,,,ES20020,EUR,ES20020,9.7
2021,EU_GDP_PCAPNOM,,,ES20020,EUR,ES20020,11.2
2016,EU_GDP_PCAPNOM,,,ES20020,EUR,ES20020,-0.7
2017,EU_GDP_PCAPNOM,,,ES20020,EUR,ES20020,19.4
2019,EU_GDP_PCAPNOM,,,ES20020,EUR,ES20020,3.5
2018,EU_GDP_PCAPNOM,,,ES20021,EUR,ES20021,13.9
2021,EU_GDP_PCAPNOM,,,ES20021,EUR,ES20021,0.9
2016,EU_GDP_PCAPNOM,,,ES20021,EUR,ES20021,1.3
2017,EU_GDP_PCAPNOM,,,ES20021,EUR,ES20021,9.9
2015,EU_GDP_PCAPNOM,,,ES20021,EUR,ES20021,28.3
2019,EU_GDP_PCAPNOM,,,ES20021,EUR,ES20021,-4.9
2020,EU_GDP_PCAPNOM,,,ES20021,EUR,ES20021,-0.3
2017,EU_GDP_PCAPNOM,,,ES48016,EUR,ES48016,-7.2
2015,EU_GDP_PCAPNOM,,,ES48016,EUR,ES48016,6.8
2021,EU_GDP_PCAPNOM,,,ES48016,EUR,ES48016,50.2
2018,EU_GDP_PCAPNOM,,,ES48016,EUR,ES48016,5.8
2016,EU_GDP_PCAPNOM,,,ES48016,EUR,ES48016,-1.4
2019,EU_GDP_PCAPNOM,,,ES48016,EUR,ES48016,0.8
2020,EU_GDP_PCAPNOM,,,ES48016,EUR,ES48016,-4.4
2017,EU_GDP_PCAPNOM,,,ES01014,EUR,ES01014,12.1
2015,EU_GDP_PCAPNOM,,,ES01014,EUR,ES01014,-4.2
2016,EU_GDP_PCAPNOM,,,ES01014,EUR,ES01014,8.4
2021,EU_GDP_PCAPNOM,,,ES01014,EUR,ES01014,-7.4
2020,EU_GDP_PCAPNOM,,,ES01014,EUR,ES01014,-25.3
2018,EU_GDP_PCAPNOM,,,ES01014,EUR,ES01014,-5.2
2019,EU_GDP_PCAPNOM,,,ES01014,EUR,ES01014,12.8
2015,EU_GDP_PCAPNOM,,,ES20022,EUR,ES20022,-1.5
2018,EU_GDP_PCAPNOM,,,ES20022,EUR,ES20022,1
2019,EU_GDP_PCAPNOM,,,ES20022,EUR,ES20022,-0.4
2017,EU_GDP_PCAPNOM,,,ES20022,EUR,ES20022,-8.3
2016,EU_GDP_PCAPNOM,,,ES20022,EUR,ES20022,6.3
2020,EU_GDP_PCAPNOM,,,ES20022,EUR,ES20022,-2.3
2021,EU_GDP_PCAPNOM,,,ES20022,EUR,ES20022,22.7
2015,EU_GDP_PCAPNOM,,,ES20074,EUR,ES20074,-7.4
2020,EU_GDP_PCAPNOM,,,ES20074,EUR,ES20074,-8.2
2018,EU_GDP_PCAPNOM,,,ES20074,EUR,ES20074,7.6
2016,EU_GDP_PCAPNOM,,,ES20074,EUR,ES20074,2.8
2021,EU_GDP_PCAPNOM,,,ES20074,EUR,ES20074,17.6
2019,EU_GDP_PCAPNOM,,,ES20074,EUR,ES20074,0.5
2017,EU_GDP_PCAPNOM,,,ES20074,EUR,ES20074,5.7
2015,EU_GDP_PCAPNOM,,,ES48017,EUR,ES48017,7.7
2019,EU_GDP_PCAPNOM,,,ES48017,EUR,ES48017,1.9
2020,EU_GDP_PCAPNOM,,,ES48017,EUR,ES48017,-13.1
2017,EU_GDP_PCAPNOM,,,ES48017,EUR,ES48017,15.1
2021,EU_GDP_PCAPNOM,,,ES48017,EUR,ES48017,22.5
2018,EU_GDP_PCAPNOM,,,ES48017,EUR,ES48017,-5.8
2016,EU_GDP_PCAPNOM,,,ES48017,EUR,ES48017,-0.4
2018,EU_GDP_PCAPNOM,,,ES01016,EUR,ES01016,12.2
2020,EU_GDP_PCAPNOM,,,ES01016,EUR,ES01016,4.5
2015,EU_GDP_PCAPNOM,,,ES01016,EUR,ES01016,11.3
2019,EU_GDP_PCAPNOM,,,ES01016,EUR,ES01016,-1.8
2021,EU_GDP_PCAPNOM,,,ES01016,EUR,ES01016,-8.6
2017,EU_GDP_PCAPNOM,,,ES01016,EUR,ES01016,-4.2
2016,EU_GDP_PCAPNOM,,,ES01016,EUR,ES01016,3.4
2015,EU_GDP_PCAPNOM,,,ES48018,EUR,ES48018,5.8
2017,EU_GDP_PCAPNOM,,,ES48018,EUR,ES48018,6.3
2020,EU_GDP_PCAPNOM,,,ES48018,EUR,ES48018,-18.7
2019,EU_GDP_PCAPNOM,,,ES48018,EUR,ES48018,0.5
2018,EU_GDP_PCAPNOM,,,ES48018,EUR,ES48018,-5.4
2021,EU_GDP_PCAPNOM,,,ES48018,EUR,ES48018,-10.7
2016,EU_GDP_PCAPNOM,,,ES48018,EUR,ES48018,5.5
2019,EU_GDP_PCAPNOM,,,ES48019,EUR,ES48019,-0.3
2017,EU_GDP_PCAPNOM,,,ES48019,EUR,ES48019,-1.8
2021,EU_GDP_PCAPNOM,,,ES48019,EUR,ES48019,16.3
2015,EU_GDP_PCAPNOM,,,ES48019,EUR,ES48019,4
2016,EU_GDP_PCAPNOM,,,ES48019,EUR,ES48019,10.7
2018,EU_GDP_PCAPNOM,,,ES48019,EUR,ES48019,2.5
2020,EU_GDP_PCAPNOM,,,ES48019,EUR,ES48019,-15.5
2019,EU_GDP_PCAPNOM,,,ES20023,EUR,ES20023,-2.2
2018,EU_GDP_PCAPNOM,,,ES20023,EUR,ES20023,11.3
2017,EU_GDP_PCAPNOM,,,ES20023,EUR,ES20023,5.4
2021,EU_GDP_PCAPNOM,,,ES20023,EUR,ES20023,-0.5
2020,EU_GDP_PCAPNOM,,,ES20023,EUR,ES20023,-9.8
2015,EU_GDP_PCAPNOM,,,ES20023,EUR,ES20023,-2.3
2016,EU_GDP_PCAPNOM,,,ES20023,EUR,ES20023,-3.2
2015,EU_GDP_PCAPNOM,,,ES20024,EUR,ES20024,-2.5
2018,EU_GDP_PCAPNOM,,,ES20024,EUR,ES20024,-7.2
2019,EU_GDP_PCAPNOM,,,ES20024,EUR,ES20024,9.7
2016,EU_GDP_PCAPNOM,,,ES20024,EUR,ES20024,-3.9
2020,EU_GDP_PCAPNOM,,,ES20024,EUR,ES20024,-9.7
2017,EU_GDP_PCAPNOM,,,ES20024,EUR,ES20024,9.7
2021,EU_GDP_PCAPNOM,,,ES20024,EUR,ES20024,21.7
2017,EU_GDP_PCAPNOM,,,ES48020,EUR,ES48020,4
2015,EU_GDP_PCAPNOM,,,ES48020,EUR,ES48020,2.1
2016,EU_GDP_PCAPNOM,,,ES48020,EUR,ES48020,5.1
2019,EU_GDP_PCAPNOM,,,ES48020,EUR,ES48020,2.5
2020,EU_GDP_PCAPNOM,,,ES48020,EUR,ES48020,-6.8
2021,EU_GDP_PCAPNOM,,,ES48020,EUR,ES48020,6.3
2018,EU_GDP_PCAPNOM,,,ES48020,EUR,ES48020,2.8
2016,EU_GDP_PCAPNOM,,,ES48021,EUR,ES48021,6.2
2015,EU_GDP_PCAPNOM,,,ES48021,EUR,ES48021,0.3
2020,EU_GDP_PCAPNOM,,,ES48021,EUR,ES48021,-8.2
2017,EU_GDP_PCAPNOM,,,ES48021,EUR,ES48021,-2.1
2018,EU_GDP_PCAPNOM,,,ES48021,EUR,ES48021,6.3
2021,EU_GDP_PCAPNOM,,,ES48021,EUR,ES48021,0.9
2019,EU_GDP_PCAPNOM,,,ES48021,EUR,ES48021,3.7
2017,EU_GDP_PCAPNOM,,,ES01017,EUR,ES01017,9.6
2016,EU_GDP_PCAPNOM,,,ES01017,EUR,ES01017,-1.4
2015,EU_GDP_PCAPNOM,,,ES01017,EUR,ES01017,-9.2
2019,EU_GDP_PCAPNOM,,,ES01017,EUR,ES01017,6.1
2018,EU_GDP_PCAPNOM,,,ES01017,EUR,ES01017,-3.8
2021,EU_GDP_PCAPNOM,,,ES01017,EUR,ES01017,-1.1
2020,EU_GDP_PCAPNOM,,,ES01017,EUR,ES01017,4.3
2019,EU_GDP_PCAPNOM,,,ES20029,EUR,ES20029,-3.8
2021,EU_GDP_PCAPNOM,,,ES20029,EUR,ES20029,10.4
2020,EU_GDP_PCAPNOM,,,ES20029,EUR,ES20029,-14.1
2015,EU_GDP_PCAPNOM,,,ES20029,EUR,ES20029,9.9
2016,EU_GDP_PCAPNOM,,,ES20029,EUR,ES20029,12
2018,EU_GDP_PCAPNOM,,,ES20029,EUR,ES20029,11.5
2017,EU_GDP_PCAPNOM,,,ES20029,EUR,ES20029,2.3
2017,EU_GDP_PCAPNOM,,,ES48901,EUR,ES48901,3.1
2016,EU_GDP_PCAPNOM,,,ES48901,EUR,ES48901,3.3
2019,EU_GDP_PCAPNOM,,,ES48901,EUR,ES48901,-1
2021,EU_GDP_PCAPNOM,,,ES48901,EUR,ES48901,6.4
2015,EU_GDP_PCAPNOM,,,ES48901,EUR,ES48901,-4
2020,EU_GDP_PCAPNOM,,,ES48901,EUR,ES48901,-9.8
2018,EU_GDP_PCAPNOM,,,ES48901,EUR,ES48901,10.7
2017,EU_GDP_PCAPNOM,,,ES48026,EUR,ES48026,-3.8
2020,EU_GDP_PCAPNOM,,,ES48026,EUR,ES48026,-7.3
2018,EU_GDP_PCAPNOM,,,ES48026,EUR,ES48026,2.2
2015,EU_GDP_PCAPNOM,,,ES48026,EUR,ES48026,-4.8
2019,EU_GDP_PCAPNOM,,,ES48026,EUR,ES48026,0.2
2016,EU_GDP_PCAPNOM,,,ES48026,EUR,ES48026,9.5
2021,EU_GDP_PCAPNOM,,,ES48026,EUR,ES48026,5.1
2020,EU_GDP_PCAPNOM,,,ES20069,EUR,ES20069,-10.4
2015,EU_GDP_PCAPNOM,,,ES20069,EUR,ES20069,2.7
2019,EU_GDP_PCAPNOM,,,ES20069,EUR,ES20069,3.8
2017,EU_GDP_PCAPNOM,,,ES20069,EUR,ES20069,4.2
2016,EU_GDP_PCAPNOM,,,ES20069,EUR,ES20069,5.5
2018,EU_GDP_PCAPNOM,,,ES20069,EUR,ES20069,2.4
2021,EU_GDP_PCAPNOM,,,ES20069,EUR,ES20069,7.6
2017,EU_GDP_PCAPNOM,,,ES48027,EUR,ES48027,3.1
2015,EU_GDP_PCAPNOM,,,ES48027,EUR,ES48027,-0.3
2016,EU_GDP_PCAPNOM,,,ES48027,EUR,ES48027,1.1
2020,EU_GDP_PCAPNOM,,,ES48027,EUR,ES48027,-9.5
2021,EU_GDP_PCAPNOM,,,ES48027,EUR,ES48027,17.5
2018,EU_GDP_PCAPNOM,,,ES48027,EUR,ES48027,6.5
2019,EU_GDP_PCAPNOM,,,ES48027,EUR,ES48027,0.4
2019,EU_GDP_PCAPNOM,,,ES48028,EUR,ES48028,3.9
2017,EU_GDP_PCAPNOM,,,ES48028,EUR,ES48028,-3.2
2016,EU_GDP_PCAPNOM,,,ES48028,EUR,ES48028,6.9
2018,EU_GDP_PCAPNOM,,,ES48028,EUR,ES48028,9.5
2020,EU_GDP_PCAPNOM,,,ES48028,EUR,ES48028,-5.8
2021,EU_GDP_PCAPNOM,,,ES48028,EUR,ES48028,18.5
2015,EU_GDP_PCAPNOM,,,ES48028,EUR,ES48028,1.8
2016,EU_GDP_PCAPNOM,,,ES20030,EUR,ES20030,5.6
2021,EU_GDP_PCAPNOM,,,ES20030,EUR,ES20030,8.5
2017,EU_GDP_PCAPNOM,,,ES20030,EUR,ES20030,2.1
2019,EU_GDP_PCAPNOM,,,ES20030,EUR,ES20030,0.6
2015,EU_GDP_PCAPNOM,,,ES20030,EUR,ES20030,4.8
2020,EU_GDP_PCAPNOM,,,ES20030,EUR,ES20030,-7.9
2018,EU_GDP_PCAPNOM,,,ES20030,EUR,ES20030,5.7
2018,EU_GDP_PCAPNOM,,,ES48031,EUR,ES48031,11.3
2015,EU_GDP_PCAPNOM,,,ES48031,EUR,ES48031,12.9
2017,EU_GDP_PCAPNOM,,,ES48031,EUR,ES48031,-8.8
2020,EU_GDP_PCAPNOM,,,ES48031,EUR,ES48031,-3.6
2021,EU_GDP_PCAPNOM,,,ES48031,EUR,ES48031,8.3
2016,EU_GDP_PCAPNOM,,,ES48031,EUR,ES48031,12.5
2019,EU_GDP_PCAPNOM,,,ES48031,EUR,ES48031,-10.3
2018,EU_GDP_PCAPNOM,,,ES01021,EUR,ES01021,5.6
2017,EU_GDP_PCAPNOM,,,ES01021,EUR,ES01021,-0.6
2020,EU_GDP_PCAPNOM,,,ES01021,EUR,ES01021,-21.2
2019,EU_GDP_PCAPNOM,,,ES01021,EUR,ES01021,-8.8
2021,EU_GDP_PCAPNOM,,,ES01021,EUR,ES01021,11
2015,EU_GDP_PCAPNOM,,,ES01021,EUR,ES01021,-4.6
2016,EU_GDP_PCAPNOM,,,ES01021,EUR,ES01021,12
2020,EU_GDP_PCAPNOM,,,ES01022,EUR,ES01022,-24.3
2021,EU_GDP_PCAPNOM,,,ES01022,EUR,ES01022,25.7
2016,EU_GDP_PCAPNOM,,,ES01022,EUR,ES01022,20.3
2018,EU_GDP_PCAPNOM,,,ES01022,EUR,ES01022,5.4
2015,EU_GDP_PCAPNOM,,,ES01022,EUR,ES01022,7.4
2019,EU_GDP_PCAPNOM,,,ES01022,EUR,ES01022,-8.8
2017,EU_GDP_PCAPNOM,,,ES01022,EUR,ES01022,6.8
2020,EU_GDP_PCAPNOM,,,ES20031,EUR,ES20031,-11.6
2021,EU_GDP_PCAPNOM,,,ES20031,EUR,ES20031,9
2018,EU_GDP_PCAPNOM,,,ES20031,EUR,ES20031,-19.4
2017,EU_GDP_PCAPNOM,,,ES20031,EUR,ES20031,-9.1
2016,EU_GDP_PCAPNOM,,,ES20031,EUR,ES20031,16.7
2015,EU_GDP_PCAPNOM,,,ES20031,EUR,ES20031,14.8
2019,EU_GDP_PCAPNOM,,,ES20031,EUR,ES20031,15.2
2015,EU_GDP_PCAPNOM,,,ES20033,EUR,ES20033,0.4
2019,EU_GDP_PCAPNOM,,,ES20033,EUR,ES20033,4.5
2020,EU_GDP_PCAPNOM,,,ES20033,EUR,ES20033,-17.4
2021,EU_GDP_PCAPNOM,,,ES20033,EUR,ES20033,24.5
2016,EU_GDP_PCAPNOM,,,ES20033,EUR,ES20033,-1.7
2017,EU_GDP_PCAPNOM,,,ES20033,EUR,ES20033,3.3
2018,EU_GDP_PCAPNOM,,,ES20033,EUR,ES20033,5.5
2017,EU_GDP_PCAPNOM,,,ES20032,EUR,ES20032,1.5
2018,EU_GDP_PCAPNOM,,,ES20032,EUR,ES20032,4.3
2021,EU_GDP_PCAPNOM,,,ES20032,EUR,ES20032,4.1
2019,EU_GDP_PCAPNOM,,,ES20032,EUR,ES20032,-0.9
2015,EU_GDP_PCAPNOM,,,ES20032,EUR,ES20032,5.6
2020,EU_GDP_PCAPNOM,,,ES20032,EUR,ES20032,-8.5
2016,EU_GDP_PCAPNOM,,,ES20032,EUR,ES20032,0.7
2020,EU_GDP_PCAPNOM,,,ES48032,EUR,ES48032,3.8
2016,EU_GDP_PCAPNOM,,,ES48032,EUR,ES48032,-12.8
2018,EU_GDP_PCAPNOM,,,ES48032,EUR,ES48032,4.5
2015,EU_GDP_PCAPNOM,,,ES48032,EUR,ES48032,6.2
2021,EU_GDP_PCAPNOM,,,ES48032,EUR,ES48032,-3.2
2017,EU_GDP_PCAPNOM,,,ES48032,EUR,ES48032,6.8
2019,EU_GDP_PCAPNOM,,,ES48032,EUR,ES48032,-0.9
2016,EU_GDP_PCAPNOM,,,ES01023,EUR,ES01023,7.2
2020,EU_GDP_PCAPNOM,,,ES01023,EUR,ES01023,-31
2017,EU_GDP_PCAPNOM,,,ES01023,EUR,ES01023,7.9
2019,EU_GDP_PCAPNOM,,,ES01023,EUR,ES01023,-15.6
2021,EU_GDP_PCAPNOM,,,ES01023,EUR,ES01023,25.9
2018,EU_GDP_PCAPNOM,,,ES01023,EUR,ES01023,0.6
2015,EU_GDP_PCAPNOM,,,ES01023,EUR,ES01023,8.3
2018,EU_GDP_PCAPNOM,,,ES48902,EUR,ES48902,7.5
2021,EU_GDP_PCAPNOM,,,ES48902,EUR,ES48902,14.1
2020,EU_GDP_PCAPNOM,,,ES48902,EUR,ES48902,-16.9
2016,EU_GDP_PCAPNOM,,,ES48902,EUR,ES48902,-2.4
2017,EU_GDP_PCAPNOM,,,ES48902,EUR,ES48902,0.5
2019,EU_GDP_PCAPNOM,,,ES48902,EUR,ES48902,7.8
2015,EU_GDP_PCAPNOM,,,ES48902,EUR,ES48902,3.6
2017,EU_GDP_PCAPNOM,,,ES48033,EUR,ES48033,-4.6
2020,EU_GDP_PCAPNOM,,,ES48033,EUR,ES48033,-17.8
2021,EU_GDP_PCAPNOM,,,ES48033,EUR,ES48033,28.5
2015,EU_GDP_PCAPNOM,,,ES48033,EUR,ES48033,12.1
2018,EU_GDP_PCAPNOM,,,ES48033,EUR,ES48033,-33.2
2019,EU_GDP_PCAPNOM,,,ES48033,EUR,ES48033,-11.2
2016,EU_GDP_PCAPNOM,,,ES48033,EUR,ES48033,29.8
2021,EU_GDP_PCAPNOM,,,ES48034,EUR,ES48034,7.5
2015,EU_GDP_PCAPNOM,,,ES48034,EUR,ES48034,7.3
2016,EU_GDP_PCAPNOM,,,ES48034,EUR,ES48034,7.5
2019,EU_GDP_PCAPNOM,,,ES48034,EUR,ES48034,-1.2
2020,EU_GDP_PCAPNOM,,,ES48034,EUR,ES48034,-14.6
2018,EU_GDP_PCAPNOM,,,ES48034,EUR,ES48034,2.9
2017,EU_GDP_PCAPNOM,,,ES48034,EUR,ES48034,2.5
2016,EU_GDP_PCAPNOM,,,ES20067,EUR,ES20067,7.6
2018,EU_GDP_PCAPNOM,,,ES20067,EUR,ES20067,7.5
2017,EU_GDP_PCAPNOM,,,ES20067,EUR,ES20067,0.8
2015,EU_GDP_PCAPNOM,,,ES20067,EUR,ES20067,0.4
2021,EU_GDP_PCAPNOM,,,ES20067,EUR,ES20067,7
2019,EU_GDP_PCAPNOM,,,ES20067,EUR,ES20067,3.4
2020,EU_GDP_PCAPNOM,,,ES20067,EUR,ES20067,-8.4
2015,EU_GDP_PCAPNOM,,,ES20066,EUR,ES20066,7.7
2017,EU_GDP_PCAPNOM,,,ES20066,EUR,ES20066,0.8
2016,EU_GDP_PCAPNOM,,,ES20066,EUR,ES20066,-2.7
2020,EU_GDP_PCAPNOM,,,ES20066,EUR,ES20066,9.1
2021,EU_GDP_PCAPNOM,,,ES20066,EUR,ES20066,33.6
2018,EU_GDP_PCAPNOM,,,ES20066,EUR,ES20066,9.1
2019,EU_GDP_PCAPNOM,,,ES20066,EUR,ES20066,9
2020,EU_GDP_PCAPNOM,,,ES01046,EUR,ES01046,-17
2021,EU_GDP_PCAPNOM,,,ES01046,EUR,ES01046,13.2
2018,EU_GDP_PCAPNOM,,,ES01046,EUR,ES01046,-7.2
2019,EU_GDP_PCAPNOM,,,ES01046,EUR,ES01046,0
2017,EU_GDP_PCAPNOM,,,ES01046,EUR,ES01046,-4.6
2015,EU_GDP_PCAPNOM,,,ES01046,EUR,ES01046,18.4
2016,EU_GDP_PCAPNOM,,,ES01046,EUR,ES01046,-7.3
2021,EU_GDP_PCAPNOM,,,ES48079,EUR,ES48079,11.5
2019,EU_GDP_PCAPNOM,,,ES48079,EUR,ES48079,7
2018,EU_GDP_PCAPNOM,,,ES48079,EUR,ES48079,9.1
2015,EU_GDP_PCAPNOM,,,ES48079,EUR,ES48079,8.7
2016,EU_GDP_PCAPNOM,,,ES48079,EUR,ES48079,5.1
2017,EU_GDP_PCAPNOM,,,ES48079,EUR,ES48079,-11.2
2020,EU_GDP_PCAPNOM,,,ES48079,EUR,ES48079,-12.6
2019,EU_GDP_PCAPNOM,,,ES20034,EUR,ES20034,15.5
2020,EU_GDP_PCAPNOM,,,ES20034,EUR,ES20034,-17.2
2017,EU_GDP_PCAPNOM,,,ES20034,EUR,ES20034,4.5
2018,EU_GDP_PCAPNOM,,,ES20034,EUR,ES20034,-19.6
2015,EU_GDP_PCAPNOM,,,ES20034,EUR,ES20034,13.1
2016,EU_GDP_PCAPNOM,,,ES20034,EUR,ES20034,-0.5
2021,EU_GDP_PCAPNOM,,,ES20034,EUR,ES20034,5.2
2015,EU_GDP_PCAPNOM,,,ES48029,EUR,ES48029,0.4
2020,EU_GDP_PCAPNOM,,,ES48029,EUR,ES48029,-8.6
2019,EU_GDP_PCAPNOM,,,ES48029,EUR,ES48029,-3.8
2017,EU_GDP_PCAPNOM,,,ES48029,EUR,ES48029,6.4
2018,EU_GDP_PCAPNOM,,,ES48029,EUR,ES48029,1
2021,EU_GDP_PCAPNOM,,,ES48029,EUR,ES48029,14.5
2016,EU_GDP_PCAPNOM,,,ES48029,EUR,ES48029,7.8
2021,EU_GDP_PCAPNOM,,,ES48030,EUR,ES48030,9.3
2015,EU_GDP_PCAPNOM,,,ES48030,EUR,ES48030,8.6
2016,EU_GDP_PCAPNOM,,,ES48030,EUR,ES48030,5.8
2019,EU_GDP_PCAPNOM,,,ES48030,EUR,ES48030,-2.3
2020,EU_GDP_PCAPNOM,,,ES48030,EUR,ES48030,0.4
2018,EU_GDP_PCAPNOM,,,ES48030,EUR,ES48030,-14
2017,EU_GDP_PCAPNOM,,,ES48030,EUR,ES48030,-2.6
2016,EU_GDP_PCAPNOM,,,ES20035,EUR,ES20035,-0.8
2017,EU_GDP_PCAPNOM,,,ES20035,EUR,ES20035,-6.6
2021,EU_GDP_PCAPNOM,,,ES20035,EUR,ES20035,13.7
2015,EU_GDP_PCAPNOM,,,ES20035,EUR,ES20035,0
2020,EU_GDP_PCAPNOM,,,ES20035,EUR,ES20035,-12.8
2019,EU_GDP_PCAPNOM,,,ES20035,EUR,ES20035,4
2018,EU_GDP_PCAPNOM,,,ES20035,EUR,ES20035,11.1
2018,EU_GDP_PCAPNOM,,,ES48906,EUR,ES48906,-4.7
2015,EU_GDP_PCAPNOM,,,ES48906,EUR,ES48906,11.7
2017,EU_GDP_PCAPNOM,,,ES48906,EUR,ES48906,2.2
2021,EU_GDP_PCAPNOM,,,ES48906,EUR,ES48906,-0.2
2019,EU_GDP_PCAPNOM,,,ES48906,EUR,ES48906,9.5
2020,EU_GDP_PCAPNOM,,,ES48906,EUR,ES48906,-23.1
2016,EU_GDP_PCAPNOM,,,ES48906,EUR,ES48906,-2.3
2019,EU_GDP_PCAPNOM,,,ES48035,EUR,ES48035,1.9
2016,EU_GDP_PCAPNOM,,,ES48035,EUR,ES48035,-3
2015,EU_GDP_PCAPNOM,,,ES48035,EUR,ES48035,-1.9
2018,EU_GDP_PCAPNOM,,,ES48035,EUR,ES48035,-2.3
2017,EU_GDP_PCAPNOM,,,ES48035,EUR,ES48035,0.2
2020,EU_GDP_PCAPNOM,,,ES48035,EUR,ES48035,1.8
2021,EU_GDP_PCAPNOM,,,ES48035,EUR,ES48035,4.7
2018,EU_GDP_PCAPNOM,,,ES20038,EUR,ES20038,0.7
2019,EU_GDP_PCAPNOM,,,ES20038,EUR,ES20038,13
2020,EU_GDP_PCAPNOM,,,ES20038,EUR,ES20038,-25.6
2021,EU_GDP_PCAPNOM,,,ES20038,EUR,ES20038,5.7
2015,EU_GDP_PCAPNOM,,,ES20038,EUR,ES20038,13.7
2017,EU_GDP_PCAPNOM,,,ES20038,EUR,ES20038,6.9
2016,EU_GDP_PCAPNOM,,,ES20038,EUR,ES20038,-10.1
2015,EU_GDP_PCAPNOM,,,ES20037,EUR,ES20037,-0.5
2021,EU_GDP_PCAPNOM,,,ES20037,EUR,ES20037,-4.3
2016,EU_GDP_PCAPNOM,,,ES20037,EUR,ES20037,-2
2018,EU_GDP_PCAPNOM,,,ES20037,EUR,ES20037,-2.9
2020,EU_GDP_PCAPNOM,,,ES20037,EUR,ES20037,-12.9
2017,EU_GDP_PCAPNOM,,,ES20037,EUR,ES20037,6.3
2019,EU_GDP_PCAPNOM,,,ES20037,EUR,ES20037,5.2
2015,EU_GDP_PCAPNOM,,,ES48036,EUR,ES48036,0.4
2020,EU_GDP_PCAPNOM,,,ES48036,EUR,ES48036,-8.9
2016,EU_GDP_PCAPNOM,,,ES48036,EUR,ES48036,7.1
2017,EU_GDP_PCAPNOM,,,ES48036,EUR,ES48036,-0.9
2018,EU_GDP_PCAPNOM,,,ES48036,EUR,ES48036,1.1
2021,EU_GDP_PCAPNOM,,,ES48036,EUR,ES48036,8.3
2019,EU_GDP_PCAPNOM,,,ES48036,EUR,ES48036,4.5
2017,EU_GDP_PCAPNOM,,,ES48037,EUR,ES48037,0.4
2020,EU_GDP_PCAPNOM,,,ES48037,EUR,ES48037,-11.5
2016,EU_GDP_PCAPNOM,,,ES48037,EUR,ES48037,-15.7
2021,EU_GDP_PCAPNOM,,,ES48037,EUR,ES48037,24.9
2015,EU_GDP_PCAPNOM,,,ES48037,EUR,ES48037,-14.5
2018,EU_GDP_PCAPNOM,,,ES48037,EUR,ES48037,6.4
2019,EU_GDP_PCAPNOM,,,ES48037,EUR,ES48037,11.6
2016,EU_GDP_PCAPNOM,,,ES48038,EUR,ES48038,-9.4
2021,EU_GDP_PCAPNOM,,,ES48038,EUR,ES48038,-4.7
2018,EU_GDP_PCAPNOM,,,ES48038,EUR,ES48038,-1.8
2015,EU_GDP_PCAPNOM,,,ES48038,EUR,ES48038,11.7
2019,EU_GDP_PCAPNOM,,,ES48038,EUR,ES48038,8.3
2020,EU_GDP_PCAPNOM,,,ES48038,EUR,ES48038,-13.6
2017,EU_GDP_PCAPNOM,,,ES48038,EUR,ES48038,7.4
2015,EU_GDP_PCAPNOM,,,ES48039,EUR,ES48039,-0.9
2019,EU_GDP_PCAPNOM,,,ES48039,EUR,ES48039,14.5
2018,EU_GDP_PCAPNOM,,,ES48039,EUR,ES48039,13.4
2017,EU_GDP_PCAPNOM,,,ES48039,EUR,ES48039,4.1
2020,EU_GDP_PCAPNOM,,,ES48039,EUR,ES48039,-23.6
2021,EU_GDP_PCAPNOM,,,ES48039,EUR,ES48039,26.5
2016,EU_GDP_PCAPNOM,,,ES48039,EUR,ES48039,19
2017,EU_GDP_PCAPNOM,,,ES48040,EUR,ES48040,0.5
2020,EU_GDP_PCAPNOM,,,ES48040,EUR,ES48040,-18.2
2016,EU_GDP_PCAPNOM,,,ES48040,EUR,ES48040,0.2
2018,EU_GDP_PCAPNOM,,,ES48040,EUR,ES48040,3.3
2015,EU_GDP_PCAPNOM,,,ES48040,EUR,ES48040,0.6
2019,EU_GDP_PCAPNOM,,,ES48040,EUR,ES48040,3.2
2021,EU_GDP_PCAPNOM,,,ES48040,EUR,ES48040,19.5
2018,EU_GDP_PCAPNOM,,,ES48041,EUR,ES48041,-5.6
2021,EU_GDP_PCAPNOM,,,ES48041,EUR,ES48041,5.1
2017,EU_GDP_PCAPNOM,,,ES48041,EUR,ES48041,-1.9
2015,EU_GDP_PCAPNOM,,,ES48041,EUR,ES48041,10.7
2016,EU_GDP_PCAPNOM,,,ES48041,EUR,ES48041,3.3
2019,EU_GDP_PCAPNOM,,,ES48041,EUR,ES48041,-8.1
2020,EU_GDP_PCAPNOM,,,ES48041,EUR,ES48041,-14.4
2015,EU_GDP_PCAPNOM,,,ES20907,EUR,ES20907,-1.6
2018,EU_GDP_PCAPNOM,,,ES20907,EUR,ES20907,-8.8
2021,EU_GDP_PCAPNOM,,,ES20907,EUR,ES20907,21.9
2016,EU_GDP_PCAPNOM,,,ES20907,EUR,ES20907,-2.2
2017,EU_GDP_PCAPNOM,,,ES20907,EUR,ES20907,11
2020,EU_GDP_PCAPNOM,,,ES20907,EUR,ES20907,-23.7
2019,EU_GDP_PCAPNOM,,,ES20907,EUR,ES20907,6
2017,EU_GDP_PCAPNOM,,,ES48046,EUR,ES48046,3.5
2021,EU_GDP_PCAPNOM,,,ES48046,EUR,ES48046,8.6
2015,EU_GDP_PCAPNOM,,,ES48046,EUR,ES48046,5.1
2019,EU_GDP_PCAPNOM,,,ES48046,EUR,ES48046,0.9
2016,EU_GDP_PCAPNOM,,,ES48046,EUR,ES48046,3.5
2020,EU_GDP_PCAPNOM,,,ES48046,EUR,ES48046,-9.2
2018,EU_GDP_PCAPNOM,,,ES48046,EUR,ES48046,4.1
2018,EU_GDP_PCAPNOM,,,ES20039,EUR,ES20039,1.5
2015,EU_GDP_PCAPNOM,,,ES20039,EUR,ES20039,-3
2019,EU_GDP_PCAPNOM,,,ES20039,EUR,ES20039,14.5
2021,EU_GDP_PCAPNOM,,,ES20039,EUR,ES20039,11.4
2020,EU_GDP_PCAPNOM,,,ES20039,EUR,ES20039,-16.8
2016,EU_GDP_PCAPNOM,,,ES20039,EUR,ES20039,5.6
2017,EU_GDP_PCAPNOM,,,ES20039,EUR,ES20039,9.7
2016,EU_GDP_PCAPNOM,,,ES48044,EUR,ES48044,1.8
2019,EU_GDP_PCAPNOM,,,ES48044,EUR,ES48044,-0.3
2018,EU_GDP_PCAPNOM,,,ES48044,EUR,ES48044,9.7
2020,EU_GDP_PCAPNOM,,,ES48044,EUR,ES48044,-10
2021,EU_GDP_PCAPNOM,,,ES48044,EUR,ES48044,11.3
2017,EU_GDP_PCAPNOM,,,ES48044,EUR,ES48044,2.6
2015,EU_GDP_PCAPNOM,,,ES48044,EUR,ES48044,1.1
2016,EU_GDP_PCAPNOM,,,ES48047,EUR,ES48047,-3
2020,EU_GDP_PCAPNOM,,,ES48047,EUR,ES48047,-7.5
2019,EU_GDP_PCAPNOM,,,ES48047,EUR,ES48047,-0.5
2021,EU_GDP_PCAPNOM,,,ES48047,EUR,ES48047,7.9
2018,EU_GDP_PCAPNOM,,,ES48047,EUR,ES48047,-9.2
2015,EU_GDP_PCAPNOM,,,ES48047,EUR,ES48047,10.6
2017,EU_GDP_PCAPNOM,,,ES48047,EUR,ES48047,16.2
2015,EU_GDP_PCAPNOM,,,ES48042,EUR,ES48042,14
2017,EU_GDP_PCAPNOM,,,ES48042,EUR,ES48042,3.9
2018,EU_GDP_PCAPNOM,,,ES48042,EUR,ES48042,3.1
2020,EU_GDP_PCAPNOM,,,ES48042,EUR,ES48042,-3.6
2016,EU_GDP_PCAPNOM,,,ES48042,EUR,ES48042,13.5
2021,EU_GDP_PCAPNOM,,,ES48042,EUR,ES48042,8.2
2019,EU_GDP_PCAPNOM,,,ES48042,EUR,ES48042,6.1
2019,EU_GDP_PCAPNOM,,,ES48043,EUR,ES48043,1.8
2018,EU_GDP_PCAPNOM,,,ES48043,EUR,ES48043,-5
2015,EU_GDP_PCAPNOM,,,ES48043,EUR,ES48043,0.6
2016,EU_GDP_PCAPNOM,,,ES48043,EUR,ES48043,-4.6
2020,EU_GDP_PCAPNOM,,,ES48043,EUR,ES48043,-7.7
2017,EU_GDP_PCAPNOM,,,ES48043,EUR,ES48043,3.1
2021,EU_GDP_PCAPNOM,,,ES48043,EUR,ES48043,2.8
2019,EU_GDP_PCAPNOM,,,ES48045,EUR,ES48045,27.3
2016,EU_GDP_PCAPNOM,,,ES48045,EUR,ES48045,5.3
2018,EU_GDP_PCAPNOM,,,ES48045,EUR,ES48045,-1
2015,EU_GDP_PCAPNOM,,,ES48045,EUR,ES48045,-5
2017,EU_GDP_PCAPNOM,,,ES48045,EUR,ES48045,-1.5
2020,EU_GDP_PCAPNOM,,,ES48045,EUR,ES48045,-26.4
2021,EU_GDP_PCAPNOM,,,ES48045,EUR,ES48045,4.8
2017,EU_GDP_PCAPNOM,,,ES01056,EUR,ES01056,-5.3
2021,EU_GDP_PCAPNOM,,,ES01056,EUR,ES01056,-20.5
2020,EU_GDP_PCAPNOM,,,ES01056,EUR,ES01056,-16.7
2018,EU_GDP_PCAPNOM,,,ES01056,EUR,ES01056,7.9
2016,EU_GDP_PCAPNOM,,,ES01056,EUR,ES01056,4.3
2015,EU_GDP_PCAPNOM,,,ES01056,EUR,ES01056,18.2
2019,EU_GDP_PCAPNOM,,,ES01056,EUR,ES01056,26.2
2018,EU_GDP_PCAPNOM,,,ES20040,EUR,ES20040,2.3
2021,EU_GDP_PCAPNOM,,,ES20040,EUR,ES20040,8.2
2020,EU_GDP_PCAPNOM,,,ES20040,EUR,ES20040,-12.6
2017,EU_GDP_PCAPNOM,,,ES20040,EUR,ES20040,8.8
2016,EU_GDP_PCAPNOM,,,ES20040,EUR,ES20040,4.3
2019,EU_GDP_PCAPNOM,,,ES20040,EUR,ES20040,2.5
2015,EU_GDP_PCAPNOM,,,ES20040,EUR,ES20040,6.7
2020,EU_GDP_PCAPNOM,,,ES20041,EUR,ES20041,-9.3
2016,EU_GDP_PCAPNOM,,,ES20041,EUR,ES20041,7.5
2017,EU_GDP_PCAPNOM,,,ES20041,EUR,ES20041,-0.4
2021,EU_GDP_PCAPNOM,,,ES20041,EUR,ES20041,16.4
2019,EU_GDP_PCAPNOM,,,ES20041,EUR,ES20041,21.1
2018,EU_GDP_PCAPNOM,,,ES20041,EUR,ES20041,10.2
2015,EU_GDP_PCAPNOM,,,ES20041,EUR,ES20041,-11
2016,EU_GDP_PCAPNOM,,,ES20036,EUR,ES20036,0.6
2020,EU_GDP_PCAPNOM,,,ES20036,EUR,ES20036,-19.7
2017,EU_GDP_PCAPNOM,,,ES20036,EUR,ES20036,7.7
2019,EU_GDP_PCAPNOM,,,ES20036,EUR,ES20036,5.5
2018,EU_GDP_PCAPNOM,,,ES20036,EUR,ES20036,17
2015,EU_GDP_PCAPNOM,,,ES20036,EUR,ES20036,-0.6
2021,EU_GDP_PCAPNOM,,,ES20036,EUR,ES20036,-0.1
2020,EU_GDP_PCAPNOM,,,ES20042,EUR,ES20042,-9.3
2015,EU_GDP_PCAPNOM,,,ES20042,EUR,ES20042,3.2
2019,EU_GDP_PCAPNOM,,,ES20042,EUR,ES20042,12.2
2018,EU_GDP_PCAPNOM,,,ES20042,EUR,ES20042,3.3
2017,EU_GDP_PCAPNOM,,,ES20042,EUR,ES20042,-0.7
2016,EU_GDP_PCAPNOM,,,ES20042,EUR,ES20042,3.1
2021,EU_GDP_PCAPNOM,,,ES20042,EUR,ES20042,8
2020,EU_GDP_PCAPNOM,,,ES48048,EUR,ES48048,-20.1
2017,EU_GDP_PCAPNOM,,,ES48048,EUR,ES48048,-0.7
2021,EU_GDP_PCAPNOM,,,ES48048,EUR,ES48048,14.4
2015,EU_GDP_PCAPNOM,,,ES48048,EUR,ES48048,-0.7
2018,EU_GDP_PCAPNOM,,,ES48048,EUR,ES48048,19.7
2019,EU_GDP_PCAPNOM,,,ES48048,EUR,ES48048,3.6
2016,EU_GDP_PCAPNOM,,,ES48048,EUR,ES48048,1.8
2016,EU_GDP_PCAPNOM,,,ES20043,EUR,ES20043,9.5
2017,EU_GDP_PCAPNOM,,,ES20043,EUR,ES20043,-13.6
2018,EU_GDP_PCAPNOM,,,ES20043,EUR,ES20043,0.6
2021,EU_GDP_PCAPNOM,,,ES20043,EUR,ES20043,5.7
2015,EU_GDP_PCAPNOM,,,ES20043,EUR,ES20043,-11.1
2019,EU_GDP_PCAPNOM,,,ES20043,EUR,ES20043,10.3
2020,EU_GDP_PCAPNOM,,,ES20043,EUR,ES20043,-7
2021,EU_GDP_PCAPNOM,,,ES48094,EUR,ES48094,-1.2
2017,EU_GDP_PCAPNOM,,,ES48094,EUR,ES48094,1.8
2016,EU_GDP_PCAPNOM,,,ES48094,EUR,ES48094,10.3
2020,EU_GDP_PCAPNOM,,,ES48094,EUR,ES48094,-5.7
2018,EU_GDP_PCAPNOM,,,ES48094,EUR,ES48094,-5.1
2019,EU_GDP_PCAPNOM,,,ES48094,EUR,ES48094,3.9
2015,EU_GDP_PCAPNOM,,,ES48094,EUR,ES48094,-5.8
2020,EU_GDP_PCAPNOM,,,ES20044,EUR,ES20044,-16.7
2021,EU_GDP_PCAPNOM,,,ES20044,EUR,ES20044,18
2016,EU_GDP_PCAPNOM,,,ES20044,EUR,ES20044,18
2015,EU_GDP_PCAPNOM,,,ES20044,EUR,ES20044,-7.3
2019,EU_GDP_PCAPNOM,,,ES20044,EUR,ES20044,6.2
2018,EU_GDP_PCAPNOM,,,ES20044,EUR,ES20044,12.1
2017,EU_GDP_PCAPNOM,,,ES20044,EUR,ES20044,4.7
2021,EU_GDP_PCAPNOM,,,ES20045,EUR,ES20045,12.9
2017,EU_GDP_PCAPNOM,,,ES20045,EUR,ES20045,4
2018,EU_GDP_PCAPNOM,,,ES20045,EUR,ES20045,5.8
2016,EU_GDP_PCAPNOM,,,ES20045,EUR,ES20045,7.1
2020,EU_GDP_PCAPNOM,,,ES20045,EUR,ES20045,-11.1
2015,EU_GDP_PCAPNOM,,,ES20045,EUR,ES20045,0
2019,EU_GDP_PCAPNOM,,,ES20045,EUR,ES20045,0.8
2019,EU_GDP_PCAPNOM,,,ES01901,EUR,ES01901,-1.3
2018,EU_GDP_PCAPNOM,,,ES01901,EUR,ES01901,-0.3
2016,EU_GDP_PCAPNOM,,,ES01901,EUR,ES01901,3.3
2020,EU_GDP_PCAPNOM,,,ES01901,EUR,ES01901,7.8
2021,EU_GDP_PCAPNOM,,,ES01901,EUR,ES01901,21.7
2015,EU_GDP_PCAPNOM,,,ES01901,EUR,ES01901,7.9
2017,EU_GDP_PCAPNOM,,,ES01901,EUR,ES01901,-1
2021,EU_GDP_PCAPNOM,,,ES20046,EUR,ES20046,-17.5
2017,EU_GDP_PCAPNOM,,,ES20046,EUR,ES20046,4.8
2020,EU_GDP_PCAPNOM,,,ES20046,EUR,ES20046,-4.3
2015,EU_GDP_PCAPNOM,,,ES20046,EUR,ES20046,2
2016,EU_GDP_PCAPNOM,,,ES20046,EUR,ES20046,-6.5
2018,EU_GDP_PCAPNOM,,,ES20046,EUR,ES20046,-4.1
2019,EU_GDP_PCAPNOM,,,ES20046,EUR,ES20046,7.6
2016,EU_GDP_PCAPNOM,,,ES01027,EUR,ES01027,21.5
2020,EU_GDP_PCAPNOM,,,ES01027,EUR,ES01027,-15.3
2015,EU_GDP_PCAPNOM,,,ES01027,EUR,ES01027,0.8
2018,EU_GDP_PCAPNOM,,,ES01027,EUR,ES01027,14.1
2021,EU_GDP_PCAPNOM,,,ES01027,EUR,ES01027,19.1
2019,EU_GDP_PCAPNOM,,,ES01027,EUR,ES01027,-13.6
2017,EU_GDP_PCAPNOM,,,ES01027,EUR,ES01027,3.7
2018,EU_GDP_PCAPNOM,,,ES48049,EUR,ES48049,-28.8
2020,EU_GDP_PCAPNOM,,,ES48049,EUR,ES48049,-6
2021,EU_GDP_PCAPNOM,,,ES48049,EUR,ES48049,12.5
2015,EU_GDP_PCAPNOM,,,ES48049,EUR,ES48049,-5.7
2016,EU_GDP_PCAPNOM,,,ES48049,EUR,ES48049,-7.9
2019,EU_GDP_PCAPNOM,,,ES48049,EUR,ES48049,5.7
2017,EU_GDP_PCAPNOM,,,ES48049,EUR,ES48049,-7.1
2017,EU_GDP_PCAPNOM,,,ES20047,EUR,ES20047,-1.8
2015,EU_GDP_PCAPNOM,,,ES20047,EUR,ES20047,11.9
2016,EU_GDP_PCAPNOM,,,ES20047,EUR,ES20047,0.4
2019,EU_GDP_PCAPNOM,,,ES20047,EUR,ES20047,16.4
2020,EU_GDP_PCAPNOM,,,ES20047,EUR,ES20047,12.9
2018,EU_GDP_PCAPNOM,,,ES20047,EUR,ES20047,-8.7
2021,EU_GDP_PCAPNOM,,,ES20047,EUR,ES20047,2
2019,EU_GDP_PCAPNOM,,,ES48910,EUR,ES48910,-3.1
2020,EU_GDP_PCAPNOM,,,ES48910,EUR,ES48910,-4.5
2016,EU_GDP_PCAPNOM,,,ES48910,EUR,ES48910,5.1
2015,EU_GDP_PCAPNOM,,,ES48910,EUR,ES48910,-3.6
2017,EU_GDP_PCAPNOM,,,ES48910,EUR,ES48910,6.2
2021,EU_GDP_PCAPNOM,,,ES48910,EUR,ES48910,23.8
2018,EU_GDP_PCAPNOM,,,ES48910,EUR,ES48910,13.2
2020,EU_GDP_PCAPNOM,,,ES48050,EUR,ES48050,-5.7
2019,EU_GDP_PCAPNOM,,,ES48050,EUR,ES48050,-10.2
2017,EU_GDP_PCAPNOM,,,ES48050,EUR,ES48050,-2.7
2015,EU_GDP_PCAPNOM,,,ES48050,EUR,ES48050,5.1
2016,EU_GDP_PCAPNOM,,,ES48050,EUR,ES48050,-8.1
2018,EU_GDP_PCAPNOM,,,ES48050,EUR,ES48050,-6
2021,EU_GDP_PCAPNOM,,,ES48050,EUR,ES48050,32.9
2017,EU_GDP_PCAPNOM,,,ES48022,EUR,ES48022,-2.9
2016,EU_GDP_PCAPNOM,,,ES48022,EUR,ES48022,1.6
2021,EU_GDP_PCAPNOM,,,ES48022,EUR,ES48022,-8.3
2020,EU_GDP_PCAPNOM,,,ES48022,EUR,ES48022,-12
2015,EU_GDP_PCAPNOM,,,ES48022,EUR,ES48022,-4.9
2018,EU_GDP_PCAPNOM,,,ES48022,EUR,ES48022,10.6
2019,EU_GDP_PCAPNOM,,,ES48022,EUR,ES48022,1.7
2015,EU_GDP_PCAPNOM,,,ES48907,EUR,ES48907,4.8
2019,EU_GDP_PCAPNOM,,,ES48907,EUR,ES48907,-7.3
2017,EU_GDP_PCAPNOM,,,ES48907,EUR,ES48907,-10
2018,EU_GDP_PCAPNOM,,,ES48907,EUR,ES48907,0.4
2016,EU_GDP_PCAPNOM,,,ES48907,EUR,ES48907,5.2
2021,EU_GDP_PCAPNOM,,,ES48907,EUR,ES48907,21.1
2020,EU_GDP_PCAPNOM,,,ES48907,EUR,ES48907,-15.8
2021,EU_GDP_PCAPNOM,,,ES01019,EUR,ES01019,21.4
2019,EU_GDP_PCAPNOM,,,ES01019,EUR,ES01019,-12.5
2018,EU_GDP_PCAPNOM,,,ES01019,EUR,ES01019,8.1
2017,EU_GDP_PCAPNOM,,,ES01019,EUR,ES01019,-3.3
2015,EU_GDP_PCAPNOM,,,ES01019,EUR,ES01019,13.2
2020,EU_GDP_PCAPNOM,,,ES01019,EUR,ES01019,-23.2
2016,EU_GDP_PCAPNOM,,,ES01019,EUR,ES01019,24.7
2015,EU_GDP_PCAPNOM,,,ES01020,EUR,ES01020,13.2
2017,EU_GDP_PCAPNOM,,,ES01020,EUR,ES01020,-6.8
2019,EU_GDP_PCAPNOM,,,ES01020,EUR,ES01020,-13.5
2020,EU_GDP_PCAPNOM,,,ES01020,EUR,ES01020,-10.8
2018,EU_GDP_PCAPNOM,,,ES01020,EUR,ES01020,-2.1
2021,EU_GDP_PCAPNOM,,,ES01020,EUR,ES01020,22.6
2016,EU_GDP_PCAPNOM,,,ES01020,EUR,ES01020,-5.7
2020,EU_GDP_PCAPNOM,,,ES01028,EUR,ES01028,-14.2
2019,EU_GDP_PCAPNOM,,,ES01028,EUR,ES01028,-6.8
2018,EU_GDP_PCAPNOM,,,ES01028,EUR,ES01028,2.8
2016,EU_GDP_PCAPNOM,,,ES01028,EUR,ES01028,17.1
2017,EU_GDP_PCAPNOM,,,ES01028,EUR,ES01028,1.8
2021,EU_GDP_PCAPNOM,,,ES01028,EUR,ES01028,-15.7
2015,EU_GDP_PCAPNOM,,,ES01028,EUR,ES01028,-18.3
2015,EU_GDP_PCAPNOM,,,ES01030,EUR,ES01030,-22.8
2017,EU_GDP_PCAPNOM,,,ES01030,EUR,ES01030,18.2
2021,EU_GDP_PCAPNOM,,,ES01030,EUR,ES01030,21.8
2016,EU_GDP_PCAPNOM,,,ES01030,EUR,ES01030,2
2020,EU_GDP_PCAPNOM,,,ES01030,EUR,ES01030,-25.1
2019,EU_GDP_PCAPNOM,,,ES01030,EUR,ES01030,4.8
2018,EU_GDP_PCAPNOM,,,ES01030,EUR,ES01030,-10.2
2016,EU_GDP_PCAPNOM,,,ES01031,EUR,ES01031,6.6
2015,EU_GDP_PCAPNOM,,,ES01031,EUR,ES01031,5.1
2018,EU_GDP_PCAPNOM,,,ES01031,EUR,ES01031,2.1
2017,EU_GDP_PCAPNOM,,,ES01031,EUR,ES01031,4
2021,EU_GDP_PCAPNOM,,,ES01031,EUR,ES01031,9.6
2020,EU_GDP_PCAPNOM,,,ES01031,EUR,ES01031,-22
2019,EU_GDP_PCAPNOM,,,ES01031,EUR,ES01031,0.1
2016,EU_GDP_PCAPNOM,,,ES01032,EUR,ES01032,25.4
2018,EU_GDP_PCAPNOM,,,ES01032,EUR,ES01032,5.6
2019,EU_GDP_PCAPNOM,,,ES01032,EUR,ES01032,-10.3
2017,EU_GDP_PCAPNOM,,,ES01032,EUR,ES01032,-2.8
2015,EU_GDP_PCAPNOM,,,ES01032,EUR,ES01032,5.5
2020,EU_GDP_PCAPNOM,,,ES01032,EUR,ES01032,-6.5
2021,EU_GDP_PCAPNOM,,,ES01032,EUR,ES01032,8.9
2018,EU_GDP_PCAPNOM,,,ES48051,EUR,ES48051,-2.4
2020,EU_GDP_PCAPNOM,,,ES48051,EUR,ES48051,-4.4
2017,EU_GDP_PCAPNOM,,,ES48051,EUR,ES48051,3.8
2016,EU_GDP_PCAPNOM,,,ES48051,EUR,ES48051,1.2
2021,EU_GDP_PCAPNOM,,,ES48051,EUR,ES48051,-2.2
2015,EU_GDP_PCAPNOM,,,ES48051,EUR,ES48051,3.7
2019,EU_GDP_PCAPNOM,,,ES48051,EUR,ES48051,13.8
2021,EU_GDP_PCAPNOM,,,ES01902,EUR,ES01902,12.8
2019,EU_GDP_PCAPNOM,,,ES01902,EUR,ES01902,-1.3
2016,EU_GDP_PCAPNOM,,,ES01902,EUR,ES01902,3.7
2020,EU_GDP_PCAPNOM,,,ES01902,EUR,ES01902,-5.1
2018,EU_GDP_PCAPNOM,,,ES01902,EUR,ES01902,2.2
2015,EU_GDP_PCAPNOM,,,ES01902,EUR,ES01902,22.4
2017,EU_GDP_PCAPNOM,,,ES01902,EUR,ES01902,-5.8
2016,EU_GDP_PCAPNOM,,,ES01033,EUR,ES01033,7.7
2015,EU_GDP_PCAPNOM,,,ES01033,EUR,ES01033,2.3
2020,EU_GDP_PCAPNOM,,,ES01033,EUR,ES01033,-4.5
2017,EU_GDP_PCAPNOM,,,ES01033,EUR,ES01033,2.2
2021,EU_GDP_PCAPNOM,,,ES01033,EUR,ES01033,6.2
2019,EU_GDP_PCAPNOM,,,ES01033,EUR,ES01033,1.1
2018,EU_GDP_PCAPNOM,,,ES01033,EUR,ES01033,-3.1
2017,EU_GDP_PCAPNOM,,,ES48052,EUR,ES48052,18.9
2021,EU_GDP_PCAPNOM,,,ES48052,EUR,ES48052,56.3
2015,EU_GDP_PCAPNOM,,,ES48052,EUR,ES48052,16.2
2016,EU_GDP_PCAPNOM,,,ES48052,EUR,ES48052,-0.5
2019,EU_GDP_PCAPNOM,,,ES48052,EUR,ES48052,4.7
2020,EU_GDP_PCAPNOM,,,ES48052,EUR,ES48052,-21.8
2018,EU_GDP_PCAPNOM,,,ES48052,EUR,ES48052,13.6
2021,EU_GDP_PCAPNOM,,,ES20048,EUR,ES20048,-7
2018,EU_GDP_PCAPNOM,,,ES20048,EUR,ES20048,-9.5
2017,EU_GDP_PCAPNOM,,,ES20048,EUR,ES20048,13.8
2016,EU_GDP_PCAPNOM,,,ES20048,EUR,ES20048,35.8
2015,EU_GDP_PCAPNOM,,,ES20048,EUR,ES20048,-5.8
2019,EU_GDP_PCAPNOM,,,ES20048,EUR,ES20048,18.3
2020,EU_GDP_PCAPNOM,,,ES20048,EUR,ES20048,-28.4
2019,EU_GDP_PCAPNOM,,,ES20902,EUR,ES20902,6.1
2020,EU_GDP_PCAPNOM,,,ES20902,EUR,ES20902,-16.6
2016,EU_GDP_PCAPNOM,,,ES20902,EUR,ES20902,-7.9
2015,EU_GDP_PCAPNOM,,,ES20902,EUR,ES20902,14.6
2018,EU_GDP_PCAPNOM,,,ES20902,EUR,ES20902,-2.2
2017,EU_GDP_PCAPNOM,,,ES20902,EUR,ES20902,1.1
2021,EU_GDP_PCAPNOM,,,ES20902,EUR,ES20902,7.2
2018,EU_GDP_PCAPNOM,,,ES01036,EUR,ES01036,4.8
2019,EU_GDP_PCAPNOM,,,ES01036,EUR,ES01036,5.9
2016,EU_GDP_PCAPNOM,,,ES01036,EUR,ES01036,-4.1
2017,EU_GDP_PCAPNOM,,,ES01036,EUR,ES01036,1.2
2020,EU_GDP_PCAPNOM,,,ES01036,EUR,ES01036,-10
2021,EU_GDP_PCAPNOM,,,ES01036,EUR,ES01036,-1
2015,EU_GDP_PCAPNOM,,,ES01036,EUR,ES01036,5.3
2015,EU_GDP_PCAPNOM,,,ES48053,EUR,ES48053,2.4
2019,EU_GDP_PCAPNOM,,,ES48053,EUR,ES48053,29.4
2016,EU_GDP_PCAPNOM,,,ES48053,EUR,ES48053,6.3
2017,EU_GDP_PCAPNOM,,,ES48053,EUR,ES48053,8.1
2020,EU_GDP_PCAPNOM,,,ES48053,EUR,ES48053,-14.6
2021,EU_GDP_PCAPNOM,,,ES48053,EUR,ES48053,-16.9
2018,EU_GDP_PCAPNOM,,,ES48053,EUR,ES48053,-7.6
2020,EU_GDP_PCAPNOM,,,ES20049,EUR,ES20049,-8.1
2019,EU_GDP_PCAPNOM,,,ES20049,EUR,ES20049,-6.2
2021,EU_GDP_PCAPNOM,,,ES20049,EUR,ES20049,-2.2
2018,EU_GDP_PCAPNOM,,,ES20049,EUR,ES20049,14.5
2017,EU_GDP_PCAPNOM,,,ES20049,EUR,ES20049,9.4
2015,EU_GDP_PCAPNOM,,,ES20049,EUR,ES20049,8.5
2016,EU_GDP_PCAPNOM,,,ES20049,EUR,ES20049,0.9
2020,EU_GDP_PCAPNOM,,,ES20050,EUR,ES20050,-5.8
2019,EU_GDP_PCAPNOM,,,ES20050,EUR,ES20050,-1.5
2017,EU_GDP_PCAPNOM,,,ES20050,EUR,ES20050,-5.8
2018,EU_GDP_PCAPNOM,,,ES20050,EUR,ES20050,-0.1
2016,EU_GDP_PCAPNOM,,,ES20050,EUR,ES20050,5.9
2015,EU_GDP_PCAPNOM,,,ES20050,EUR,ES20050,4.8
2021,EU_GDP_PCAPNOM,,,ES20050,EUR,ES20050,9
2020,EU_GDP_PCAPNOM,,,ES20051,EUR,ES20051,-12
2016,EU_GDP_PCAPNOM,,,ES20051,EUR,ES20051,-6.1
2018,EU_GDP_PCAPNOM,,,ES20051,EUR,ES20051,-2.4
2019,EU_GDP_PCAPNOM,,,ES20051,EUR,ES20051,0.8
2021,EU_GDP_PCAPNOM,,,ES20051,EUR,ES20051,11.7
2017,EU_GDP_PCAPNOM,,,ES20051,EUR,ES20051,3.4
2015,EU_GDP_PCAPNOM,,,ES20051,EUR,ES20051,11.3
2017,EU_GDP_PCAPNOM,,,ES20052,EUR,ES20052,5
2018,EU_GDP_PCAPNOM,,,ES20052,EUR,ES20052,-1.2
2015,EU_GDP_PCAPNOM,,,ES20052,EUR,ES20052,0.7
2016,EU_GDP_PCAPNOM,,,ES20052,EUR,ES20052,12.9
2021,EU_GDP_PCAPNOM,,,ES20052,EUR,ES20052,13.3
2019,EU_GDP_PCAPNOM,,,ES20052,EUR,ES20052,5
2020,EU_GDP_PCAPNOM,,,ES20052,EUR,ES20052,-7.8
2019,EU_GDP_PCAPNOM,,,ES01058,EUR,ES01058,-2.5
2016,EU_GDP_PCAPNOM,,,ES01058,EUR,ES01058,7.9
2015,EU_GDP_PCAPNOM,,,ES01058,EUR,ES01058,-2.8
2020,EU_GDP_PCAPNOM,,,ES01058,EUR,ES01058,-17.8
2018,EU_GDP_PCAPNOM,,,ES01058,EUR,ES01058,9.3
2017,EU_GDP_PCAPNOM,,,ES01058,EUR,ES01058,19.3
2021,EU_GDP_PCAPNOM,,,ES01058,EUR,ES01058,31.1
2016,EU_GDP_PCAPNOM,,,ES20068,EUR,ES20068,-6.5
2019,EU_GDP_PCAPNOM,,,ES20068,EUR,ES20068,0.6
2018,EU_GDP_PCAPNOM,,,ES20068,EUR,ES20068,11.9
2015,EU_GDP_PCAPNOM,,,ES20068,EUR,ES20068,3.6
2017,EU_GDP_PCAPNOM,,,ES20068,EUR,ES20068,-3.4
2020,EU_GDP_PCAPNOM,,,ES20068,EUR,ES20068,-26.6
2021,EU_GDP_PCAPNOM,,,ES20068,EUR,ES20068,29
2019,EU_GDP_PCAPNOM,,,ES48054,EUR,ES48054,8.6
2016,EU_GDP_PCAPNOM,,,ES48054,EUR,ES48054,7.5
2020,EU_GDP_PCAPNOM,,,ES48054,EUR,ES48054,-2.1
2015,EU_GDP_PCAPNOM,,,ES48054,EUR,ES48054,-1.3
2017,EU_GDP_PCAPNOM,,,ES48054,EUR,ES48054,0.8
2018,EU_GDP_PCAPNOM,,,ES48054,EUR,ES48054,1.5
2021,EU_GDP_PCAPNOM,,,ES48054,EUR,ES48054,1.2
2020,EU_GDP_PCAPNOM,,,ES48057,EUR,ES48057,-8.6
2018,EU_GDP_PCAPNOM,,,ES48057,EUR,ES48057,6.8
2019,EU_GDP_PCAPNOM,,,ES48057,EUR,ES48057,-7.4
2015,EU_GDP_PCAPNOM,,,ES48057,EUR,ES48057,14.5
2016,EU_GDP_PCAPNOM,,,ES48057,EUR,ES48057,-4.3
2017,EU_GDP_PCAPNOM,,,ES48057,EUR,ES48057,-2.8
2021,EU_GDP_PCAPNOM,,,ES48057,EUR,ES48057,7.7
2020,EU_GDP_PCAPNOM,,,ES48055,EUR,ES48055,-8.7
2017,EU_GDP_PCAPNOM,,,ES48055,EUR,ES48055,6.4
2021,EU_GDP_PCAPNOM,,,ES48055,EUR,ES48055,14.4
2016,EU_GDP_PCAPNOM,,,ES48055,EUR,ES48055,8.1
2015,EU_GDP_PCAPNOM,,,ES48055,EUR,ES48055,3.7
2018,EU_GDP_PCAPNOM,,,ES48055,EUR,ES48055,-3.5
2019,EU_GDP_PCAPNOM,,,ES48055,EUR,ES48055,3.8
2021,EU_GDP_PCAPNOM,,,ES48056,EUR,ES48056,9.7
2018,EU_GDP_PCAPNOM,,,ES48056,EUR,ES48056,9.8
2015,EU_GDP_PCAPNOM,,,ES48056,EUR,ES48056,2.4
2016,EU_GDP_PCAPNOM,,,ES48056,EUR,ES48056,9.7
2019,EU_GDP_PCAPNOM,,,ES48056,EUR,ES48056,-10.3
2020,EU_GDP_PCAPNOM,,,ES48056,EUR,ES48056,-6.4
2017,EU_GDP_PCAPNOM,,,ES48056,EUR,ES48056,2.2
2015,EU_GDP_PCAPNOM,,,ES01034,EUR,ES01034,12.6
2021,EU_GDP_PCAPNOM,,,ES01034,EUR,ES01034,18.5
2017,EU_GDP_PCAPNOM,,,ES01034,EUR,ES01034,10
2019,EU_GDP_PCAPNOM,,,ES01034,EUR,ES01034,-15.7
2016,EU_GDP_PCAPNOM,,,ES01034,EUR,ES01034,2.1
2020,EU_GDP_PCAPNOM,,,ES01034,EUR,ES01034,-12.1
2018,EU_GDP_PCAPNOM,,,ES01034,EUR,ES01034,-29.1
2021,EU_GDP_PCAPNOM,,,ES48081,EUR,ES48081,6.8
2016,EU_GDP_PCAPNOM,,,ES48081,EUR,ES48081,-4.5
2015,EU_GDP_PCAPNOM,,,ES48081,EUR,ES48081,10.4
2019,EU_GDP_PCAPNOM,,,ES48081,EUR,ES48081,24.1
2020,EU_GDP_PCAPNOM,,,ES48081,EUR,ES48081,5.1
2017,EU_GDP_PCAPNOM,,,ES48081,EUR,ES48081,-3.8
2018,EU_GDP_PCAPNOM,,,ES48081,EUR,ES48081,-10.5
2016,EU_GDP_PCAPNOM,,,ES20053,EUR,ES20053,4.2
2015,EU_GDP_PCAPNOM,,,ES20053,EUR,ES20053,11.6
2021,EU_GDP_PCAPNOM,,,ES20053,EUR,ES20053,5.9
2017,EU_GDP_PCAPNOM,,,ES20053,EUR,ES20053,1.9
2018,EU_GDP_PCAPNOM,,,ES20053,EUR,ES20053,1.2
2019,EU_GDP_PCAPNOM,,,ES20053,EUR,ES20053,2.2
2020,EU_GDP_PCAPNOM,,,ES20053,EUR,ES20053,-4.2
2021,EU_GDP_PCAPNOM,,,ES20054,EUR,ES20054,13.3
2020,EU_GDP_PCAPNOM,,,ES20054,EUR,ES20054,-9.8
2017,EU_GDP_PCAPNOM,,,ES20054,EUR,ES20054,8.6
2016,EU_GDP_PCAPNOM,,,ES20054,EUR,ES20054,9.7
2019,EU_GDP_PCAPNOM,,,ES20054,EUR,ES20054,11.9
2018,EU_GDP_PCAPNOM,,,ES20054,EUR,ES20054,4.3
2015,EU_GDP_PCAPNOM,,,ES20054,EUR,ES20054,1.8
2019,EU_GDP_PCAPNOM,,,ES48903,EUR,ES48903,0
2016,EU_GDP_PCAPNOM,,,ES48903,EUR,ES48903,11.4
2015,EU_GDP_PCAPNOM,,,ES48903,EUR,ES48903,8
2017,EU_GDP_PCAPNOM,,,ES48903,EUR,ES48903,6.2
2018,EU_GDP_PCAPNOM,,,ES48903,EUR,ES48903,5.6
2021,EU_GDP_PCAPNOM,,,ES48903,EUR,ES48903,16.6
2020,EU_GDP_PCAPNOM,,,ES48903,EUR,ES48903,-24.8
2015,EU_GDP_PCAPNOM,,,ES48058,EUR,ES48058,5.7
2016,EU_GDP_PCAPNOM,,,ES48058,EUR,ES48058,11.4
2020,EU_GDP_PCAPNOM,,,ES48058,EUR,ES48058,-2.9
2019,EU_GDP_PCAPNOM,,,ES48058,EUR,ES48058,8
2017,EU_GDP_PCAPNOM,,,ES48058,EUR,ES48058,10.3
2018,EU_GDP_PCAPNOM,,,ES48058,EUR,ES48058,12.8
2021,EU_GDP_PCAPNOM,,,ES48058,EUR,ES48058,47.8
2017,EU_GDP_PCAPNOM,,,ES48059,EUR,ES48059,-14.4
2021,EU_GDP_PCAPNOM,,,ES48059,EUR,ES48059,13.5
2016,EU_GDP_PCAPNOM,,,ES48059,EUR,ES48059,-11.9
2020,EU_GDP_PCAPNOM,,,ES48059,EUR,ES48059,-11.9
2015,EU_GDP_PCAPNOM,,,ES48059,EUR,ES48059,5.7
2018,EU_GDP_PCAPNOM,,,ES48059,EUR,ES48059,20.3
2019,EU_GDP_PCAPNOM,,,ES48059,EUR,ES48059,13.1
2016,EU_GDP_PCAPNOM,,,ES48060,EUR,ES48060,6.7
2019,EU_GDP_PCAPNOM,,,ES48060,EUR,ES48060,2.1
2018,EU_GDP_PCAPNOM,,,ES48060,EUR,ES48060,4.9
2017,EU_GDP_PCAPNOM,,,ES48060,EUR,ES48060,0
2020,EU_GDP_PCAPNOM,,,ES48060,EUR,ES48060,-10.5
2021,EU_GDP_PCAPNOM,,,ES48060,EUR,ES48060,8.9
2015,EU_GDP_PCAPNOM,,,ES48060,EUR,ES48060,-2.1
2016,EU_GDP_PCAPNOM,,,ES48061,EUR,ES48061,-21.5
2020,EU_GDP_PCAPNOM,,,ES48061,EUR,ES48061,-25.7
2015,EU_GDP_PCAPNOM,,,ES48061,EUR,ES48061,31.3
2017,EU_GDP_PCAPNOM,,,ES48061,EUR,ES48061,28.7
2018,EU_GDP_PCAPNOM,,,ES48061,EUR,ES48061,-0.2
2021,EU_GDP_PCAPNOM,,,ES48061,EUR,ES48061,29.6
2019,EU_GDP_PCAPNOM,,,ES48061,EUR,ES48061,-1.3
2019,EU_GDP_PCAPNOM,,,ES20901,EUR,ES20901,7.6
2021,EU_GDP_PCAPNOM,,,ES20901,EUR,ES20901,10.7
2018,EU_GDP_PCAPNOM,,,ES20901,EUR,ES20901,10.4
2015,EU_GDP_PCAPNOM,,,ES20901,EUR,ES20901,8.9
2017,EU_GDP_PCAPNOM,,,ES20901,EUR,ES20901,1.8
2016,EU_GDP_PCAPNOM,,,ES20901,EUR,ES20901,-3.6
2020,EU_GDP_PCAPNOM,,,ES20901,EUR,ES20901,-6.9
2017,EU_GDP_PCAPNOM,,,ES48062,EUR,ES48062,-13.6
2021,EU_GDP_PCAPNOM,,,ES48062,EUR,ES48062,14.9
2016,EU_GDP_PCAPNOM,,,ES48062,EUR,ES48062,3.3
2015,EU_GDP_PCAPNOM,,,ES48062,EUR,ES48062,-2.4
2018,EU_GDP_PCAPNOM,,,ES48062,EUR,ES48062,7.1
2019,EU_GDP_PCAPNOM,,,ES48062,EUR,ES48062,10.2
2020,EU_GDP_PCAPNOM,,,ES48062,EUR,ES48062,2.2
2018,EU_GDP_PCAPNOM,,,ES48063,EUR,ES48063,6
2021,EU_GDP_PCAPNOM,,,ES48063,EUR,ES48063,22.2
2017,EU_GDP_PCAPNOM,,,ES48063,EUR,ES48063,4
2016,EU_GDP_PCAPNOM,,,ES48063,EUR,ES48063,18.6
2019,EU_GDP_PCAPNOM,,,ES48063,EUR,ES48063,-9.9
2020,EU_GDP_PCAPNOM,,,ES48063,EUR,ES48063,-19.7
2015,EU_GDP_PCAPNOM,,,ES48063,EUR,ES48063,-4.6
2018,EU_GDP_PCAPNOM,,,ES48064,EUR,ES48064,-4.4
2015,EU_GDP_PCAPNOM,,,ES48064,EUR,ES48064,13.4
2019,EU_GDP_PCAPNOM,,,ES48064,EUR,ES48064,18.7
2016,EU_GDP_PCAPNOM,,,ES48064,EUR,ES48064,-15.8
2017,EU_GDP_PCAPNOM,,,ES48064,EUR,ES48064,6.3
2020,EU_GDP_PCAPNOM,,,ES48064,EUR,ES48064,-13.9
2021,EU_GDP_PCAPNOM,,,ES48064,EUR,ES48064,-4.8
2021,EU_GDP_PCAPNOM,,,ES01039,EUR,ES01039,15.8
2015,EU_GDP_PCAPNOM,,,ES01039,EUR,ES01039,24.4
2016,EU_GDP_PCAPNOM,,,ES01039,EUR,ES01039,-9.3
2018,EU_GDP_PCAPNOM,,,ES01039,EUR,ES01039,7.4
2020,EU_GDP_PCAPNOM,,,ES01039,EUR,ES01039,3.4
2017,EU_GDP_PCAPNOM,,,ES01039,EUR,ES01039,-0.9
2019,EU_GDP_PCAPNOM,,,ES01039,EUR,ES01039,-6.9
2017,EU_GDP_PCAPNOM,,,ES48066,EUR,ES48066,8.2
2021,EU_GDP_PCAPNOM,,,ES48066,EUR,ES48066,6.8
2020,EU_GDP_PCAPNOM,,,ES48066,EUR,ES48066,-36.2
2018,EU_GDP_PCAPNOM,,,ES48066,EUR,ES48066,13
2019,EU_GDP_PCAPNOM,,,ES48066,EUR,ES48066,30.6
2015,EU_GDP_PCAPNOM,,,ES48066,EUR,ES48066,-2.6
2016,EU_GDP_PCAPNOM,,,ES48066,EUR,ES48066,10.1
2019,EU_GDP_PCAPNOM,,,ES48068,EUR,ES48068,-19.1
2016,EU_GDP_PCAPNOM,,,ES48068,EUR,ES48068,4.1
2017,EU_GDP_PCAPNOM,,,ES48068,EUR,ES48068,4.5
2020,EU_GDP_PCAPNOM,,,ES48068,EUR,ES48068,-9
2021,EU_GDP_PCAPNOM,,,ES48068,EUR,ES48068,4
2015,EU_GDP_PCAPNOM,,,ES48068,EUR,ES48068,4.4
2018,EU_GDP_PCAPNOM,,,ES48068,EUR,ES48068,-3.4
2020,EU_GDP_PCAPNOM,,,ES48069,EUR,ES48069,-7.6
2019,EU_GDP_PCAPNOM,,,ES48069,EUR,ES48069,6.1
2016,EU_GDP_PCAPNOM,,,ES48069,EUR,ES48069,-6.4
2015,EU_GDP_PCAPNOM,,,ES48069,EUR,ES48069,-0.6
2017,EU_GDP_PCAPNOM,,,ES48069,EUR,ES48069,4.2
2018,EU_GDP_PCAPNOM,,,ES48069,EUR,ES48069,3
2021,EU_GDP_PCAPNOM,,,ES48069,EUR,ES48069,10.5
2016,EU_GDP_PCAPNOM,,,ES48007,EUR,ES48007,12.1
2017,EU_GDP_PCAPNOM,,,ES48007,EUR,ES48007,-2.2
2018,EU_GDP_PCAPNOM,,,ES48007,EUR,ES48007,1.5
2021,EU_GDP_PCAPNOM,,,ES48007,EUR,ES48007,-2.6
2015,EU_GDP_PCAPNOM,,,ES48007,EUR,ES48007,0.2
2020,EU_GDP_PCAPNOM,,,ES48007,EUR,ES48007,-5
2019,EU_GDP_PCAPNOM,,,ES48007,EUR,ES48007,-1.6
2016,EU_GDP_PCAPNOM,,,ES48908,EUR,ES48908,-32.4
2020,EU_GDP_PCAPNOM,,,ES48908,EUR,ES48908,-59.6
2017,EU_GDP_PCAPNOM,,,ES48908,EUR,ES48908,-11.1
2015,EU_GDP_PCAPNOM,,,ES48908,EUR,ES48908,19.3
2018,EU_GDP_PCAPNOM,,,ES48908,EUR,ES48908,6
2019,EU_GDP_PCAPNOM,,,ES48908,EUR,ES48908,20.4
2021,EU_GDP_PCAPNOM,,,ES48908,EUR,ES48908,132.9
2019,EU_GDP_PCAPNOM,,,ES48071,EUR,ES48071,-2.2
2015,EU_GDP_PCAPNOM,,,ES48071,EUR,ES48071,197.5
2018,EU_GDP_PCAPNOM,,,ES48071,EUR,ES48071,-3.2
2016,EU_GDP_PCAPNOM,,,ES48071,EUR,ES48071,11
2017,EU_GDP_PCAPNOM,,,ES48071,EUR,ES48071,-14.2
2020,EU_GDP_PCAPNOM,,,ES48071,EUR,ES48071,-53.4
2021,EU_GDP_PCAPNOM,,,ES48071,EUR,ES48071,138
2020,EU_GDP_PCAPNOM,,,ES20057,EUR,ES20057,-22.1
2019,EU_GDP_PCAPNOM,,,ES20057,EUR,ES20057,21.2
2018,EU_GDP_PCAPNOM,,,ES20057,EUR,ES20057,50.2
2016,EU_GDP_PCAPNOM,,,ES20057,EUR,ES20057,-6.5
2017,EU_GDP_PCAPNOM,,,ES20057,EUR,ES20057,6.6
2021,EU_GDP_PCAPNOM,,,ES20057,EUR,ES20057,-7.2
2015,EU_GDP_PCAPNOM,,,ES20057,EUR,ES20057,19.4
2021,EU_GDP_PCAPNOM,,,ES20056,EUR,ES20056,6.7
2015,EU_GDP_PCAPNOM,,,ES20056,EUR,ES20056,5.9
2018,EU_GDP_PCAPNOM,,,ES20056,EUR,ES20056,8.2
2019,EU_GDP_PCAPNOM,,,ES20056,EUR,ES20056,0.4
2020,EU_GDP_PCAPNOM,,,ES20056,EUR,ES20056,-12.8
2016,EU_GDP_PCAPNOM,,,ES20056,EUR,ES20056,5.6
2017,EU_GDP_PCAPNOM,,,ES20056,EUR,ES20056,3.7
2017,EU_GDP_PCAPNOM,,,ES48067,EUR,ES48067,1.6
2021,EU_GDP_PCAPNOM,,,ES48067,EUR,ES48067,15.4
2018,EU_GDP_PCAPNOM,,,ES48067,EUR,ES48067,-2.1
2016,EU_GDP_PCAPNOM,,,ES48067,EUR,ES48067,17.1
2019,EU_GDP_PCAPNOM,,,ES48067,EUR,ES48067,0
2020,EU_GDP_PCAPNOM,,,ES48067,EUR,ES48067,-3.7
2015,EU_GDP_PCAPNOM,,,ES48067,EUR,ES48067,2.5
2017,EU_GDP_PCAPNOM,,,ES48909,EUR,ES48909,0.7
2018,EU_GDP_PCAPNOM,,,ES48909,EUR,ES48909,-1.8
2021,EU_GDP_PCAPNOM,,,ES48909,EUR,ES48909,1
2015,EU_GDP_PCAPNOM,,,ES48909,EUR,ES48909,-4.6
2019,EU_GDP_PCAPNOM,,,ES48909,EUR,ES48909,10.6
2020,EU_GDP_PCAPNOM,,,ES48909,EUR,ES48909,-17.3
2016,EU_GDP_PCAPNOM,,,ES48909,EUR,ES48909,8.2
2017,EU_GDP_PCAPNOM,,,ES01041,EUR,ES01041,13.9
2019,EU_GDP_PCAPNOM,,,ES01041,EUR,ES01041,-10.5
2016,EU_GDP_PCAPNOM,,,ES01041,EUR,ES01041,3
2015,EU_GDP_PCAPNOM,,,ES01041,EUR,ES01041,10.1
2020,EU_GDP_PCAPNOM,,,ES01041,EUR,ES01041,-25
2018,EU_GDP_PCAPNOM,,,ES01041,EUR,ES01041,11.6
2021,EU_GDP_PCAPNOM,,,ES01041,EUR,ES01041,-4.3
2019,EU_GDP_PCAPNOM,,,ES20063,EUR,ES20063,3.9
2021,EU_GDP_PCAPNOM,,,ES20063,EUR,ES20063,8.4
2018,EU_GDP_PCAPNOM,,,ES20063,EUR,ES20063,8.4
2017,EU_GDP_PCAPNOM,,,ES20063,EUR,ES20063,3.3
2015,EU_GDP_PCAPNOM,,,ES20063,EUR,ES20063,4.9
2016,EU_GDP_PCAPNOM,,,ES20063,EUR,ES20063,5
2020,EU_GDP_PCAPNOM,,,ES20063,EUR,ES20063,-3.7
2016,EU_GDP_PCAPNOM,,,ES01042,EUR,ES01042,-9.7
2020,EU_GDP_PCAPNOM,,,ES01042,EUR,ES01042,-15.3
2018,EU_GDP_PCAPNOM,,,ES01042,EUR,ES01042,-6.2
2015,EU_GDP_PCAPNOM,,,ES01042,EUR,ES01042,5.7
2019,EU_GDP_PCAPNOM,,,ES01042,EUR,ES01042,1.7
2017,EU_GDP_PCAPNOM,,,ES01042,EUR,ES01042,21.7
2021,EU_GDP_PCAPNOM,,,ES01042,EUR,ES01042,19.3
2016,EU_GDP_PCAPNOM,,,ES20058,EUR,ES20058,18.9
2015,EU_GDP_PCAPNOM,,,ES20058,EUR,ES20058,10.7
2021,EU_GDP_PCAPNOM,,,ES20058,EUR,ES20058,35.2
2020,EU_GDP_PCAPNOM,,,ES20058,EUR,ES20058,-16.2
2018,EU_GDP_PCAPNOM,,,ES20058,EUR,ES20058,13.9
2019,EU_GDP_PCAPNOM,,,ES20058,EUR,ES20058,11.2
2017,EU_GDP_PCAPNOM,,,ES20058,EUR,ES20058,-4.6
2018,EU_GDP_PCAPNOM,,,ES48073,EUR,ES48073,-0.2
2021,EU_GDP_PCAPNOM,,,ES48073,EUR,ES48073,0.1
2020,EU_GDP_PCAPNOM,,,ES48073,EUR,ES48073,-10.8
2017,EU_GDP_PCAPNOM,,,ES48073,EUR,ES48073,-2.6
2015,EU_GDP_PCAPNOM,,,ES48073,EUR,ES48073,-9.1
2019,EU_GDP_PCAPNOM,,,ES48073,EUR,ES48073,5.2
2016,EU_GDP_PCAPNOM,,,ES48073,EUR,ES48073,4.8
2017,EU_GDP_PCAPNOM,,,ES20059,EUR,ES20059,2.7
2016,EU_GDP_PCAPNOM,,,ES20059,EUR,ES20059,2.7
2021,EU_GDP_PCAPNOM,,,ES20059,EUR,ES20059,18.6
2015,EU_GDP_PCAPNOM,,,ES20059,EUR,ES20059,7.2
2019,EU_GDP_PCAPNOM,,,ES20059,EUR,ES20059,10.8
2020,EU_GDP_PCAPNOM,,,ES20059,EUR,ES20059,-14.8
2018,EU_GDP_PCAPNOM,,,ES20059,EUR,ES20059,8.9
2019,EU_GDP_PCAPNOM,,,ES20076,EUR,ES20076,3.9
2020,EU_GDP_PCAPNOM,,,ES20076,EUR,ES20076,-7.5
2021,EU_GDP_PCAPNOM,,,ES20076,EUR,ES20076,13.3
2016,EU_GDP_PCAPNOM,,,ES20076,EUR,ES20076,-6
2017,EU_GDP_PCAPNOM,,,ES20076,EUR,ES20076,2.3
2018,EU_GDP_PCAPNOM,,,ES20076,EUR,ES20076,-0.7
2015,EU_GDP_PCAPNOM,,,ES20076,EUR,ES20076,0.2
2021,EU_GDP_PCAPNOM,,,ES20905,EUR,ES20905,1.5
2015,EU_GDP_PCAPNOM,,,ES20905,EUR,ES20905,22.2
2019,EU_GDP_PCAPNOM,,,ES20905,EUR,ES20905,16
2018,EU_GDP_PCAPNOM,,,ES20905,EUR,ES20905,5.9
2016,EU_GDP_PCAPNOM,,,ES20905,EUR,ES20905,-2.5
2017,EU_GDP_PCAPNOM,,,ES20905,EUR,ES20905,10.4
2020,EU_GDP_PCAPNOM,,,ES20905,EUR,ES20905,-22.2
2019,EU_GDP_PCAPNOM,,,ES20060,EUR,ES20060,69.5
2018,EU_GDP_PCAPNOM,,,ES20060,EUR,ES20060,1.5
2016,EU_GDP_PCAPNOM,,,ES20060,EUR,ES20060,-11.8
2015,EU_GDP_PCAPNOM,,,ES20060,EUR,ES20060,-0.5
2017,EU_GDP_PCAPNOM,,,ES20060,EUR,ES20060,8.1
2020,EU_GDP_PCAPNOM,,,ES20060,EUR,ES20060,-7.2
2021,EU_GDP_PCAPNOM,,,ES20060,EUR,ES20060,-2
2017,EU_GDP_PCAPNOM,,,ES20061,EUR,ES20061,6
2020,EU_GDP_PCAPNOM,,,ES20061,EUR,ES20061,-12.6
2019,EU_GDP_PCAPNOM,,,ES20061,EUR,ES20061,4.3
2016,EU_GDP_PCAPNOM,,,ES20061,EUR,ES20061,-9.6
2015,EU_GDP_PCAPNOM,,,ES20061,EUR,ES20061,1.5
2018,EU_GDP_PCAPNOM,,,ES20061,EUR,ES20061,-0.8
2021,EU_GDP_PCAPNOM,,,ES20061,EUR,ES20061,6.7
2021,EU_GDP_PCAPNOM,,,ES20062,EUR,ES20062,-25.4
2019,EU_GDP_PCAPNOM,,,ES20062,EUR,ES20062,-5.3
2020,EU_GDP_PCAPNOM,,,ES20062,EUR,ES20062,-31.1
2018,EU_GDP_PCAPNOM,,,ES20062,EUR,ES20062,6
2017,EU_GDP_PCAPNOM,,,ES20062,EUR,ES20062,6.8
2016,EU_GDP_PCAPNOM,,,ES20062,EUR,ES20062,6
2015,EU_GDP_PCAPNOM,,,ES20062,EUR,ES20062,28.3
2016,EU_GDP_PCAPNOM,,,ES48075,EUR,ES48075,36.8
2018,EU_GDP_PCAPNOM,,,ES48075,EUR,ES48075,25.4
2015,EU_GDP_PCAPNOM,,,ES48075,EUR,ES48075,1.7
2019,EU_GDP_PCAPNOM,,,ES48075,EUR,ES48075,6
2017,EU_GDP_PCAPNOM,,,ES48075,EUR,ES48075,16.2
2020,EU_GDP_PCAPNOM,,,ES48075,EUR,ES48075,-28.1
2021,EU_GDP_PCAPNOM,,,ES48075,EUR,ES48075,-11.6
2020,EU_GDP_PCAPNOM,,,ES48083,EUR,ES48083,-7.4
2016,EU_GDP_PCAPNOM,,,ES48083,EUR,ES48083,17.9
2015,EU_GDP_PCAPNOM,,,ES48083,EUR,ES48083,-4.5
2019,EU_GDP_PCAPNOM,,,ES48083,EUR,ES48083,-3
2017,EU_GDP_PCAPNOM,,,ES48083,EUR,ES48083,19.3
2021,EU_GDP_PCAPNOM,,,ES48083,EUR,ES48083,3.6
2018,EU_GDP_PCAPNOM,,,ES48083,EUR,ES48083,-1.8
2016,EU_GDP_PCAPNOM,,,ES48072,EUR,ES48072,5.6
2015,EU_GDP_PCAPNOM,,,ES48072,EUR,ES48072,-17
2019,EU_GDP_PCAPNOM,,,ES48072,EUR,ES48072,-1.5
2017,EU_GDP_PCAPNOM,,,ES48072,EUR,ES48072,4.6
2018,EU_GDP_PCAPNOM,,,ES48072,EUR,ES48072,1.6
2021,EU_GDP_PCAPNOM,,,ES48072,EUR,ES48072,6.2
2020,EU_GDP_PCAPNOM,,,ES48072,EUR,ES48072,-19.3
2016,EU_GDP_PCAPNOM,,,ES01043,EUR,ES01043,6.7
2017,EU_GDP_PCAPNOM,,,ES01043,EUR,ES01043,7.4
2021,EU_GDP_PCAPNOM,,,ES01043,EUR,ES01043,4
2019,EU_GDP_PCAPNOM,,,ES01043,EUR,ES01043,7.1
2020,EU_GDP_PCAPNOM,,,ES01043,EUR,ES01043,-7
2018,EU_GDP_PCAPNOM,,,ES01043,EUR,ES01043,-4.5
2015,EU_GDP_PCAPNOM,,,ES01043,EUR,ES01043,2
2021,EU_GDP_PCAPNOM,,,ES20064,EUR,ES20064,10
2015,EU_GDP_PCAPNOM,,,ES20064,EUR,ES20064,-6.8
2020,EU_GDP_PCAPNOM,,,ES20064,EUR,ES20064,-8.8
2019,EU_GDP_PCAPNOM,,,ES20064,EUR,ES20064,4.3
2018,EU_GDP_PCAPNOM,,,ES20064,EUR,ES20064,2.7
2016,EU_GDP_PCAPNOM,,,ES20064,EUR,ES20064,4.3
2017,EU_GDP_PCAPNOM,,,ES20064,EUR,ES20064,4
2018,EU_GDP_PCAPNOM,,,ES01044,EUR,ES01044,-0.2
2020,EU_GDP_PCAPNOM,,,ES01044,EUR,ES01044,-17.6
2021,EU_GDP_PCAPNOM,,,ES01044,EUR,ES01044,-2.4
2016,EU_GDP_PCAPNOM,,,ES01044,EUR,ES01044,12.4
2017,EU_GDP_PCAPNOM,,,ES01044,EUR,ES01044,-1.2
2019,EU_GDP_PCAPNOM,,,ES01044,EUR,ES01044,-6.8
2015,EU_GDP_PCAPNOM,,,ES01044,EUR,ES01044,8.1
2020,EU_GDP_PCAPNOM,,,ES48077,EUR,ES48077,-9.4
2021,EU_GDP_PCAPNOM,,,ES48077,EUR,ES48077,8.6
2016,EU_GDP_PCAPNOM,,,ES48077,EUR,ES48077,4
2015,EU_GDP_PCAPNOM,,,ES48077,EUR,ES48077,-0.8
2018,EU_GDP_PCAPNOM,,,ES48077,EUR,ES48077,5.8
2019,EU_GDP_PCAPNOM,,,ES48077,EUR,ES48077,-2.4
2017,EU_GDP_PCAPNOM,,,ES48077,EUR,ES48077,5.7
2017,EU_GDP_PCAPNOM,,,ES48078,EUR,ES48078,1.2
2021,EU_GDP_PCAPNOM,,,ES48078,EUR,ES48078,7.3
2015,EU_GDP_PCAPNOM,,,ES48078,EUR,ES48078,2.3
2016,EU_GDP_PCAPNOM,,,ES48078,EUR,ES48078,5.6
2019,EU_GDP_PCAPNOM,,,ES48078,EUR,ES48078,2.6
2020,EU_GDP_PCAPNOM,,,ES48078,EUR,ES48078,-7.4
2018,EU_GDP_PCAPNOM,,,ES48078,EUR,ES48078,2
2021,EU_GDP_PCAPNOM,,,ES01047,EUR,ES01047,13.2
2020,EU_GDP_PCAPNOM,,,ES01047,EUR,ES01047,-4.9
2016,EU_GDP_PCAPNOM,,,ES01047,EUR,ES01047,-0.2
2015,EU_GDP_PCAPNOM,,,ES01047,EUR,ES01047,12.7
2017,EU_GDP_PCAPNOM,,,ES01047,EUR,ES01047,-23.5
2018,EU_GDP_PCAPNOM,,,ES01047,EUR,ES01047,-5
2019,EU_GDP_PCAPNOM,,,ES01047,EUR,ES01047,20.4
2018,EU_GDP_PCAPNOM,,,ES01052,EUR,ES01052,6.9
2016,EU_GDP_PCAPNOM,,,ES01052,EUR,ES01052,17.7
2020,EU_GDP_PCAPNOM,,,ES01052,EUR,ES01052,-7.9
2017,EU_GDP_PCAPNOM,,,ES01052,EUR,ES01052,31.9
2019,EU_GDP_PCAPNOM,,,ES01052,EUR,ES01052,-6
2021,EU_GDP_PCAPNOM,,,ES01052,EUR,ES01052,-8.2
2015,EU_GDP_PCAPNOM,,,ES01052,EUR,ES01052,7.6
2019,EU_GDP_PCAPNOM,,,ES01053,EUR,ES01053,10.2
2018,EU_GDP_PCAPNOM,,,ES01053,EUR,ES01053,3.4
2015,EU_GDP_PCAPNOM,,,ES01053,EUR,ES01053,19.2
2017,EU_GDP_PCAPNOM,,,ES01053,EUR,ES01053,-6.5
2016,EU_GDP_PCAPNOM,,,ES01053,EUR,ES01053,-8
2021,EU_GDP_PCAPNOM,,,ES01053,EUR,ES01053,15.5
2020,EU_GDP_PCAPNOM,,,ES01053,EUR,ES01053,-9.7
2021,EU_GDP_PCAPNOM,,,ES48082,EUR,ES48082,5.1
2017,EU_GDP_PCAPNOM,,,ES48082,EUR,ES48082,5.3
2018,EU_GDP_PCAPNOM,,,ES48082,EUR,ES48082,7.6
2015,EU_GDP_PCAPNOM,,,ES48082,EUR,ES48082,3.6
2016,EU_GDP_PCAPNOM,,,ES48082,EUR,ES48082,5.9
2019,EU_GDP_PCAPNOM,,,ES48082,EUR,ES48082,-0.7
2020,EU_GDP_PCAPNOM,,,ES48082,EUR,ES48082,-8.8
2021,EU_GDP_PCAPNOM,,,ES20070,EUR,ES20070,4.9
2015,EU_GDP_PCAPNOM,,,ES20070,EUR,ES20070,11.5
2017,EU_GDP_PCAPNOM,,,ES20070,EUR,ES20070,-0.6
2019,EU_GDP_PCAPNOM,,,ES20070,EUR,ES20070,5.3
2018,EU_GDP_PCAPNOM,,,ES20070,EUR,ES20070,-7.5
2016,EU_GDP_PCAPNOM,,,ES20070,EUR,ES20070,4.6
2020,EU_GDP_PCAPNOM,,,ES20070,EUR,ES20070,-13.5
2019,EU_GDP_PCAPNOM,,,ES48084,EUR,ES48084,-0.6
2016,EU_GDP_PCAPNOM,,,ES48084,EUR,ES48084,3.5
2015,EU_GDP_PCAPNOM,,,ES48084,EUR,ES48084,-4
2017,EU_GDP_PCAPNOM,,,ES48084,EUR,ES48084,0.8
2018,EU_GDP_PCAPNOM,,,ES48084,EUR,ES48084,9.2
2021,EU_GDP_PCAPNOM,,,ES48084,EUR,ES48084,24.5
2020,EU_GDP_PCAPNOM,,,ES48084,EUR,ES48084,-5.2
2016,EU_GDP_PCAPNOM,,,ES48904,EUR,ES48904,4.8
2020,EU_GDP_PCAPNOM,,,ES48904,EUR,ES48904,-8.3
2021,EU_GDP_PCAPNOM,,,ES48904,EUR,ES48904,15
2015,EU_GDP_PCAPNOM,,,ES48904,EUR,ES48904,2.2
2018,EU_GDP_PCAPNOM,,,ES48904,EUR,ES48904,4
2019,EU_GDP_PCAPNOM,,,ES48904,EUR,ES48904,7.2
2017,EU_GDP_PCAPNOM,,,ES48904,EUR,ES48904,-0.6
2021,EU_GDP_PCAPNOM,,,ES48085,EUR,ES48085,3.2
2017,EU_GDP_PCAPNOM,,,ES48085,EUR,ES48085,-6.1
2020,EU_GDP_PCAPNOM,,,ES48085,EUR,ES48085,-5.5
2016,EU_GDP_PCAPNOM,,,ES48085,EUR,ES48085,8.6
2015,EU_GDP_PCAPNOM,,,ES48085,EUR,ES48085,0.9
2018,EU_GDP_PCAPNOM,,,ES48085,EUR,ES48085,6.5
2019,EU_GDP_PCAPNOM,,,ES48085,EUR,ES48085,1.6
2018,EU_GDP_PCAPNOM,,,ES48086,EUR,ES48086,1.1
2017,EU_GDP_PCAPNOM,,,ES48086,EUR,ES48086,3.2
2015,EU_GDP_PCAPNOM,,,ES48086,EUR,ES48086,7.8
2016,EU_GDP_PCAPNOM,,,ES48086,EUR,ES48086,0.5
2019,EU_GDP_PCAPNOM,,,ES48086,EUR,ES48086,9.2
2020,EU_GDP_PCAPNOM,,,ES48086,EUR,ES48086,-7.2
2021,EU_GDP_PCAPNOM,,,ES48086,EUR,ES48086,-0.7
2016,EU_GDP_PCAPNOM,,,ES20065,EUR,ES20065,3
2015,EU_GDP_PCAPNOM,,,ES20065,EUR,ES20065,6.1
2017,EU_GDP_PCAPNOM,,,ES20065,EUR,ES20065,-0.4
2021,EU_GDP_PCAPNOM,,,ES20065,EUR,ES20065,7.9
2020,EU_GDP_PCAPNOM,,,ES20065,EUR,ES20065,-15.2
2019,EU_GDP_PCAPNOM,,,ES20065,EUR,ES20065,2.9
2018,EU_GDP_PCAPNOM,,,ES20065,EUR,ES20065,-1.4
2019,EU_GDP_PCAPNOM,,,ES48076,EUR,ES48076,-5.4
2016,EU_GDP_PCAPNOM,,,ES48076,EUR,ES48076,-17.5
2020,EU_GDP_PCAPNOM,,,ES48076,EUR,ES48076,-4.6
2015,EU_GDP_PCAPNOM,,,ES48076,EUR,ES48076,17.2
2017,EU_GDP_PCAPNOM,,,ES48076,EUR,ES48076,-21.9
2018,EU_GDP_PCAPNOM,,,ES48076,EUR,ES48076,6.8
2021,EU_GDP_PCAPNOM,,,ES48076,EUR,ES48076,-10.3
2020,EU_GDP_PCAPNOM,,,ES20071,EUR,ES20071,-8.9
2015,EU_GDP_PCAPNOM,,,ES20071,EUR,ES20071,4.1
2019,EU_GDP_PCAPNOM,,,ES20071,EUR,ES20071,-3.6
2018,EU_GDP_PCAPNOM,,,ES20071,EUR,ES20071,2.3
2017,EU_GDP_PCAPNOM,,,ES20071,EUR,ES20071,-0.4
2021,EU_GDP_PCAPNOM,,,ES20071,EUR,ES20071,7.2
2016,EU_GDP_PCAPNOM,,,ES20071,EUR,ES20071,3.5
2019,EU_GDP_PCAPNOM,,,ES48087,EUR,ES48087,3.3
2018,EU_GDP_PCAPNOM,,,ES48087,EUR,ES48087,-12
2015,EU_GDP_PCAPNOM,,,ES48087,EUR,ES48087,1.5
2017,EU_GDP_PCAPNOM,,,ES48087,EUR,ES48087,-0.1
2020,EU_GDP_PCAPNOM,,,ES48087,EUR,ES48087,-7.2
2021,EU_GDP_PCAPNOM,,,ES48087,EUR,ES48087,15.9
2016,EU_GDP_PCAPNOM,,,ES48087,EUR,ES48087,3.6
2015,EU_GDP_PCAPNOM,,,ES48088,EUR,ES48088,8.2
2016,EU_GDP_PCAPNOM,,,ES48088,EUR,ES48088,-12.7
2019,EU_GDP_PCAPNOM,,,ES48088,EUR,ES48088,-1.3
2017,EU_GDP_PCAPNOM,,,ES48088,EUR,ES48088,10.5
2018,EU_GDP_PCAPNOM,,,ES48088,EUR,ES48088,-11.2
2021,EU_GDP_PCAPNOM,,,ES48088,EUR,ES48088,7
2020,EU_GDP_PCAPNOM,,,ES48088,EUR,ES48088,-7.8
2019,EU_GDP_PCAPNOM,,,ES48065,EUR,ES48065,-2.8
2015,EU_GDP_PCAPNOM,,,ES48065,EUR,ES48065,-4.1
2020,EU_GDP_PCAPNOM,,,ES48065,EUR,ES48065,-9.4
2016,EU_GDP_PCAPNOM,,,ES48065,EUR,ES48065,6.6
2017,EU_GDP_PCAPNOM,,,ES48065,EUR,ES48065,3.8
2018,EU_GDP_PCAPNOM,,,ES48065,EUR,ES48065,3.5
2021,EU_GDP_PCAPNOM,,,ES48065,EUR,ES48065,19.7
2021,EU_GDP_PCAPNOM,,,ES48089,EUR,ES48089,0.8
2020,EU_GDP_PCAPNOM,,,ES48089,EUR,ES48089,-11.3
2017,EU_GDP_PCAPNOM,,,ES48089,EUR,ES48089,30
2015,EU_GDP_PCAPNOM,,,ES48089,EUR,ES48089,10.7
2018,EU_GDP_PCAPNOM,,,ES48089,EUR,ES48089,5.4
2019,EU_GDP_PCAPNOM,,,ES48089,EUR,ES48089,24.8
2016,EU_GDP_PCAPNOM,,,ES48089,EUR,ES48089,-10.8
2017,EU_GDP_PCAPNOM,,,ES48074,EUR,ES48074,3.5
2018,EU_GDP_PCAPNOM,,,ES48074,EUR,ES48074,4.8
2021,EU_GDP_PCAPNOM,,,ES48074,EUR,ES48074,4.7
2015,EU_GDP_PCAPNOM,,,ES48074,EUR,ES48074,0.8
2016,EU_GDP_PCAPNOM,,,ES48074,EUR,ES48074,1.8
2019,EU_GDP_PCAPNOM,,,ES48074,EUR,ES48074,0.1
2020,EU_GDP_PCAPNOM,,,ES48074,EUR,ES48074,-9.4
2017,EU_GDP_PCAPNOM,,,ES01054,EUR,ES01054,-5.5
2016,EU_GDP_PCAPNOM,,,ES01054,EUR,ES01054,2.2
2015,EU_GDP_PCAPNOM,,,ES01054,EUR,ES01054,-2
2020,EU_GDP_PCAPNOM,,,ES01054,EUR,ES01054,-0.8
2019,EU_GDP_PCAPNOM,,,ES01054,EUR,ES01054,-0.2
2021,EU_GDP_PCAPNOM,,,ES01054,EUR,ES01054,16.6
2018,EU_GDP_PCAPNOM,,,ES01054,EUR,ES01054,-3.1
2020,EU_GDP_PCAPNOM,,,ES20072,EUR,ES20072,-6
2017,EU_GDP_PCAPNOM,,,ES20072,EUR,ES20072,7.4
2021,EU_GDP_PCAPNOM,,,ES20072,EUR,ES20072,9.2
2016,EU_GDP_PCAPNOM,,,ES20072,EUR,ES20072,6.7
2015,EU_GDP_PCAPNOM,,,ES20072,EUR,ES20072,2.4
2018,EU_GDP_PCAPNOM,,,ES20072,EUR,ES20072,5.5
2019,EU_GDP_PCAPNOM,,,ES20072,EUR,ES20072,-0.1
2019,EU_GDP_PCAPNOM,,,ES20077,EUR,ES20077,-3.1
2021,EU_GDP_PCAPNOM,,,ES20077,EUR,ES20077,7.7
2016,EU_GDP_PCAPNOM,,,ES20077,EUR,ES20077,10.7
2020,EU_GDP_PCAPNOM,,,ES20077,EUR,ES20077,-7.5
2018,EU_GDP_PCAPNOM,,,ES20077,EUR,ES20077,7.9
2017,EU_GDP_PCAPNOM,,,ES20077,EUR,ES20077,7.7
2015,EU_GDP_PCAPNOM,,,ES20077,EUR,ES20077,5.6
2021,EU_GDP_PCAPNOM,,,ES20073,EUR,ES20073,5
2015,EU_GDP_PCAPNOM,,,ES20073,EUR,ES20073,0
2018,EU_GDP_PCAPNOM,,,ES20073,EUR,ES20073,9
2016,EU_GDP_PCAPNOM,,,ES20073,EUR,ES20073,6.9
2020,EU_GDP_PCAPNOM,,,ES20073,EUR,ES20073,-9.2
2017,EU_GDP_PCAPNOM,,,ES20073,EUR,ES20073,-0.2
2019,EU_GDP_PCAPNOM,,,ES20073,EUR,ES20073,10.2
2019,EU_GDP_PCAPNOM,,,ES01055,EUR,ES01055,-5.6
2017,EU_GDP_PCAPNOM,,,ES01055,EUR,ES01055,-8
2015,EU_GDP_PCAPNOM,,,ES01055,EUR,ES01055,3.5
2018,EU_GDP_PCAPNOM,,,ES01055,EUR,ES01055,0.1
2020,EU_GDP_PCAPNOM,,,ES01055,EUR,ES01055,-10.6
2021,EU_GDP_PCAPNOM,,,ES01055,EUR,ES01055,4.7
2016,EU_GDP_PCAPNOM,,,ES01055,EUR,ES01055,9.7
2020,EU_GDP_PCAPNOM,,,ES48080,EUR,ES48080,-13.8
2015,EU_GDP_PCAPNOM,,,ES48080,EUR,ES48080,-6.2
2019,EU_GDP_PCAPNOM,,,ES48080,EUR,ES48080,11.6
2016,EU_GDP_PCAPNOM,,,ES48080,EUR,ES48080,12.5
2017,EU_GDP_PCAPNOM,,,ES48080,EUR,ES48080,3
2018,EU_GDP_PCAPNOM,,,ES48080,EUR,ES48080,2.5
2021,EU_GDP_PCAPNOM,,,ES48080,EUR,ES48080,13.9
2018,EU_GDP_PCAPNOM,,,ES20075,EUR,ES20075,5.1
2020,EU_GDP_PCAPNOM,,,ES20075,EUR,ES20075,-11.7
2015,EU_GDP_PCAPNOM,,,ES20075,EUR,ES20075,9.5
2021,EU_GDP_PCAPNOM,,,ES20075,EUR,ES20075,7
2016,EU_GDP_PCAPNOM,,,ES20075,EUR,ES20075,-0.7
2019,EU_GDP_PCAPNOM,,,ES20075,EUR,ES20075,9
2017,EU_GDP_PCAPNOM,,,ES20075,EUR,ES20075,6.3
2015,EU_GDP_PCAPNOM,,,ES01057,EUR,ES01057,9
2017,EU_GDP_PCAPNOM,,,ES01057,EUR,ES01057,8.5
2016,EU_GDP_PCAPNOM,,,ES01057,EUR,ES01057,16.9
2019,EU_GDP_PCAPNOM,,,ES01057,EUR,ES01057,-2.7
2018,EU_GDP_PCAPNOM,,,ES01057,EUR,ES01057,-0.5
2020,EU_GDP_PCAPNOM,,,ES01057,EUR,ES01057,-28.7
2021,EU_GDP_PCAPNOM,,,ES01057,EUR,ES01057,2.7
2018,EU_GDP_PCAPNOM,,,ES01059,EUR,ES01059,3
2017,EU_GDP_PCAPNOM,,,ES01059,EUR,ES01059,2
2021,EU_GDP_PCAPNOM,,,ES01059,EUR,ES01059,7.7
2019,EU_GDP_PCAPNOM,,,ES01059,EUR,ES01059,2.9
2016,EU_GDP_PCAPNOM,,,ES01059,EUR,ES01059,3.6
2020,EU_GDP_PCAPNOM,,,ES01059,EUR,ES01059,-9.7
2015,EU_GDP_PCAPNOM,,,ES01059,EUR,ES01059,3
2021,EU_GDP_PCAPNOM,,,ES01060,EUR,ES01060,14.8
2016,EU_GDP_PCAPNOM,,,ES01060,EUR,ES01060,17.7
2018,EU_GDP_PCAPNOM,,,ES01060,EUR,ES01060,10.8
2019,EU_GDP_PCAPNOM,,,ES01060,EUR,ES01060,-8.6
2017,EU_GDP_PCAPNOM,,,ES01060,EUR,ES01060,18.1
2015,EU_GDP_PCAPNOM,,,ES01060,EUR,ES01060,26.7
2020,EU_GDP_PCAPNOM,,,ES01060,EUR,ES01060,-22.8
2015,EU_GDP_PCAPNOM,,,ES48095,EUR,ES48095,3.2
2019,EU_GDP_PCAPNOM,,,ES48095,EUR,ES48095,3.8
2018,EU_GDP_PCAPNOM,,,ES48095,EUR,ES48095,1
2017,EU_GDP_PCAPNOM,,,ES48095,EUR,ES48095,15.2
2020,EU_GDP_PCAPNOM,,,ES48095,EUR,ES48095,-19.4
2021,EU_GDP_PCAPNOM,,,ES48095,EUR,ES48095,23.8
2016,EU_GDP_PCAPNOM,,,ES48095,EUR,ES48095,9.2
2016,EU_GDP_PCAPNOM,,,ES20078,EUR,ES20078,15.3
2017,EU_GDP_PCAPNOM,,,ES20078,EUR,ES20078,-5.4
2018,EU_GDP_PCAPNOM,,,ES20078,EUR,ES20078,-0.1
2020,EU_GDP_PCAPNOM,,,ES20078,EUR,ES20078,-10.1
2019,EU_GDP_PCAPNOM,,,ES20078,EUR,ES20078,3.7
2021,EU_GDP_PCAPNOM,,,ES20078,EUR,ES20078,3.4
2015,EU_GDP_PCAPNOM,,,ES20078,EUR,ES20078,-9.5
2017,EU_GDP_PCAPNOM,,,ES01061,EUR,ES01061,9.4
2015,EU_GDP_PCAPNOM,,,ES01061,EUR,ES01061,-3
2020,EU_GDP_PCAPNOM,,,ES01061,EUR,ES01061,-10
2019,EU_GDP_PCAPNOM,,,ES01061,EUR,ES01061,-6.2
2021,EU_GDP_PCAPNOM,,,ES01061,EUR,ES01061,1.1
2018,EU_GDP_PCAPNOM,,,ES01061,EUR,ES01061,-0.3
2016,EU_GDP_PCAPNOM,,,ES01061,EUR,ES01061,8.2
2015,EU_GDP_PCAPNOM,,,ES48096,EUR,ES48096,-0.1
2020,EU_GDP_PCAPNOM,,,ES48096,EUR,ES48096,-4.9
2016,EU_GDP_PCAPNOM,,,ES48096,EUR,ES48096,5.9
2017,EU_GDP_PCAPNOM,,,ES48096,EUR,ES48096,-0.8
2018,EU_GDP_PCAPNOM,,,ES48096,EUR,ES48096,1.9
2021,EU_GDP_PCAPNOM,,,ES48096,EUR,ES48096,0.8
2019,EU_GDP_PCAPNOM,,,ES48096,EUR,ES48096,15.3
2019,EU_GDP_PCAPNOM,,,ES01062,EUR,ES01062,2.8
2015,EU_GDP_PCAPNOM,,,ES01062,EUR,ES01062,-10.6
2016,EU_GDP_PCAPNOM,,,ES01062,EUR,ES01062,1.7
2021,EU_GDP_PCAPNOM,,,ES01062,EUR,ES01062,28.6
2017,EU_GDP_PCAPNOM,,,ES01062,EUR,ES01062,1.1
2018,EU_GDP_PCAPNOM,,,ES01062,EUR,ES01062,-0.2
2020,EU_GDP_PCAPNOM,,,ES01062,EUR,ES01062,12.7
2018,EU_GDP_PCAPNOM,,,ES48905,EUR,ES48905,0.2
2017,EU_GDP_PCAPNOM,,,ES48905,EUR,ES48905,3.9
2015,EU_GDP_PCAPNOM,,,ES48905,EUR,ES48905,-4.2
2016,EU_GDP_PCAPNOM,,,ES48905,EUR,ES48905,16.3
2019,EU_GDP_PCAPNOM,,,ES48905,EUR,ES48905,17.8
2020,EU_GDP_PCAPNOM,,,ES48905,EUR,ES48905,-11.7
2021,EU_GDP_PCAPNOM,,,ES48905,EUR,ES48905,-3.3
2016,EU_GDP_PCAPNOM,,,ES48097,EUR,ES48097,-0.4
2017,EU_GDP_PCAPNOM,,,ES48097,EUR,ES48097,-1.4
2021,EU_GDP_PCAPNOM,,,ES48097,EUR,ES48097,9.2
2020,EU_GDP_PCAPNOM,,,ES48097,EUR,ES48097,-6.8
2015,EU_GDP_PCAPNOM,,,ES48097,EUR,ES48097,7.3
2018,EU_GDP_PCAPNOM,,,ES48097,EUR,ES48097,9.8
2019,EU_GDP_PCAPNOM,,,ES48097,EUR,ES48097,4.2
2018,EU_GDP_PCAPNOM,,,ES20079,EUR,ES20079,1
2020,EU_GDP_PCAPNOM,,,ES20079,EUR,ES20079,-7.4
2016,EU_GDP_PCAPNOM,,,ES20079,EUR,ES20079,-1.4
2015,EU_GDP_PCAPNOM,,,ES20079,EUR,ES20079,10.7
2017,EU_GDP_PCAPNOM,,,ES20079,EUR,ES20079,1.6
2019,EU_GDP_PCAPNOM,,,ES20079,EUR,ES20079,-0.2
2021,EU_GDP_PCAPNOM,,,ES20079,EUR,ES20079,6.6
2015,EU_GDP_PCAPNOM,,,ES48024,EUR,ES48024,-27.6
2018,EU_GDP_PCAPNOM,,,ES48024,EUR,ES48024,2.7
2019,EU_GDP_PCAPNOM,,,ES48024,EUR,ES48024,5.6
2016,EU_GDP_PCAPNOM,,,ES48024,EUR,ES48024,34.7
2017,EU_GDP_PCAPNOM,,,ES48024,EUR,ES48024,17.5
2020,EU_GDP_PCAPNOM,,,ES48024,EUR,ES48024,-13.4
2021,EU_GDP_PCAPNOM,,,ES48024,EUR,ES48024,12
2019,EU_GDP_PCAPNOM,,,ES48025,EUR,ES48025,3.2
2016,EU_GDP_PCAPNOM,,,ES48025,EUR,ES48025,9.4
2015,EU_GDP_PCAPNOM,,,ES48025,EUR,ES48025,6.1
2020,EU_GDP_PCAPNOM,,,ES48025,EUR,ES48025,-10.3
2017,EU_GDP_PCAPNOM,,,ES48025,EUR,ES48025,3.8
2018,EU_GDP_PCAPNOM,,,ES48025,EUR,ES48025,-2.2
2021,EU_GDP_PCAPNOM,,,ES48025,EUR,ES48025,13
2019,EU_GDP_PCAPNOM,,,ES20025,EUR,ES20025,-3.8
2017,EU_GDP_PCAPNOM,,,ES20025,EUR,ES20025,5.1
2016,EU_GDP_PCAPNOM,,,ES20025,EUR,ES20025,12.5
2015,EU_GDP_PCAPNOM,,,ES20025,EUR,ES20025,4.4
2018,EU_GDP_PCAPNOM,,,ES20025,EUR,ES20025,8.5
2021,EU_GDP_PCAPNOM,,,ES20025,EUR,ES20025,-0.2
2020,EU_GDP_PCAPNOM,,,ES20025,EUR,ES20025,-12.2
2021,EU_GDP_PCAPNOM,,,ES20026,EUR,ES20026,0.6
2020,EU_GDP_PCAPNOM,,,ES20026,EUR,ES20026,-14.3
2017,EU_GDP_PCAPNOM,,,ES20026,EUR,ES20026,-2.9
2016,EU_GDP_PCAPNOM,,,ES20026,EUR,ES20026,10.2
2015,EU_GDP_PCAPNOM,,,ES20026,EUR,ES20026,12.2
2019,EU_GDP_PCAPNOM,,,ES20026,EUR,ES20026,18.4
2018,EU_GDP_PCAPNOM,,,ES20026,EUR,ES20026,-15.6
2019,EU_GDP_PCAPNOM,,,ES20027,EUR,ES20027,14.8
2018,EU_GDP_PCAPNOM,,,ES20027,EUR,ES20027,6.4
2017,EU_GDP_PCAPNOM,,,ES20027,EUR,ES20027,-1
2015,EU_GDP_PCAPNOM,,,ES20027,EUR,ES20027,6.6
2016,EU_GDP_PCAPNOM,,,ES20027,EUR,ES20027,-3
2020,EU_GDP_PCAPNOM,,,ES20027,EUR,ES20027,10.4
2021,EU_GDP_PCAPNOM,,,ES20027,EUR,ES20027,-3.9
2016,EU_GDP_PCAPNOM,,,ES48913,EUR,ES48913,-12.1
2017,EU_GDP_PCAPNOM,,,ES48913,EUR,ES48913,35.6
2018,EU_GDP_PCAPNOM,,,ES48913,EUR,ES48913,46.8
2021,EU_GDP_PCAPNOM,,,ES48913,EUR,ES48913,13.7
2019,EU_GDP_PCAPNOM,,,ES48913,EUR,ES48913,-44.7
2015,EU_GDP_PCAPNOM,,,ES48913,EUR,ES48913,14.6
2020,EU_GDP_PCAPNOM,,,ES48913,EUR,ES48913,3.9
2017,EU_GDP_PCAPNOM,,,ES01018,EUR,ES01018,-14.2
2018,EU_GDP_PCAPNOM,,,ES01018,EUR,ES01018,-0.8
2016,EU_GDP_PCAPNOM,,,ES01018,EUR,ES01018,-10.9
2019,EU_GDP_PCAPNOM,,,ES01018,EUR,ES01018,1.1
2015,EU_GDP_PCAPNOM,,,ES01018,EUR,ES01018,32.7
2021,EU_GDP_PCAPNOM,,,ES01018,EUR,ES01018,1.3
2020,EU_GDP_PCAPNOM,,,ES01018,EUR,ES01018,-20.9
2020,EU_GDP_PCAPNOM,,,ES48915,EUR,ES48915,-16.7
2015,EU_GDP_PCAPNOM,,,ES48915,EUR,ES48915,-0.8
2019,EU_GDP_PCAPNOM,,,ES48915,EUR,ES48915,7.5
2016,EU_GDP_PCAPNOM,,,ES48915,EUR,ES48915,5.4
2021,EU_GDP_PCAPNOM,,,ES48915,EUR,ES48915,16.2
2018,EU_GDP_PCAPNOM,,,ES48915,EUR,ES48915,6.1
2017,EU_GDP_PCAPNOM,,,ES48915,EUR,ES48915,-6
2020,EU_GDP_PCAPNOM,,,ES20028,EUR,ES20028,-6.7
2019,EU_GDP_PCAPNOM,,,ES20028,EUR,ES20028,6.1
2018,EU_GDP_PCAPNOM,,,ES20028,EUR,ES20028,3.7
2016,EU_GDP_PCAPNOM,,,ES20028,EUR,ES20028,2.4
2017,EU_GDP_PCAPNOM,,,ES20028,EUR,ES20028,4.1
2021,EU_GDP_PCAPNOM,,,ES20028,EUR,ES20028,11.8
2015,EU_GDP_PCAPNOM,,,ES20028,EUR,ES20028,-0.3
2021,EU_GDP_PCAPNOM,,,ES01063,EUR,ES01063,15.6
2018,EU_GDP_PCAPNOM,,,ES01063,EUR,ES01063,-8.5
2020,EU_GDP_PCAPNOM,,,ES01063,EUR,ES01063,-15
2016,EU_GDP_PCAPNOM,,,ES01063,EUR,ES01063,-2.4
2015,EU_GDP_PCAPNOM,,,ES01063,EUR,ES01063,11.2
2017,EU_GDP_PCAPNOM,,,ES01063,EUR,ES01063,6.7
2019,EU_GDP_PCAPNOM,,,ES01063,EUR,ES01063,6
2017,EU_GDP_PCAPNOM,,,ES20081,EUR,ES20081,-3.9
2018,EU_GDP_PCAPNOM,,,ES20081,EUR,ES20081,8.1
2020,EU_GDP_PCAPNOM,,,ES20081,EUR,ES20081,-13.9
2016,EU_GDP_PCAPNOM,,,ES20081,EUR,ES20081,0.2
2019,EU_GDP_PCAPNOM,,,ES20081,EUR,ES20081,5.4
2021,EU_GDP_PCAPNOM,,,ES20081,EUR,ES20081,0.6
2015,EU_GDP_PCAPNOM,,,ES20081,EUR,ES20081,0.4
2021,EU_GDP_PCAPNOM,,,ES20080,EUR,ES20080,16.5
2017,EU_GDP_PCAPNOM,,,ES20080,EUR,ES20080,-1.4
2019,EU_GDP_PCAPNOM,,,ES20080,EUR,ES20080,4.7
2015,EU_GDP_PCAPNOM,,,ES20080,EUR,ES20080,-2.3
2016,EU_GDP_PCAPNOM,,,ES20080,EUR,ES20080,-15.1
2018,EU_GDP_PCAPNOM,,,ES20080,EUR,ES20080,9.6
2020,EU_GDP_PCAPNOM,,,ES20080,EUR,ES20080,-9.7
2016,EU_GDP_PCAPNOM,,ES0101,,EUR,ES0101,3.5
2015,EU_GDP_PCAPNOM,,ES0101,,EUR,ES0101,8.8
2019,EU_GDP_PCAPNOM,,ES0101,,EUR,ES0101,6.7
2017,EU_GDP_PCAPNOM,,ES0101,,EUR,ES0101,-6.7
2021,EU_GDP_PCAPNOM,,ES0101,,EUR,ES0101,7.2
2020,EU_GDP_PCAPNOM,,ES0101,,EUR,ES0101,-12.2
2018,EU_GDP_PCAPNOM,,ES0101,,EUR,ES0101,-1.9
2015,EU_GDP_PCAPNOM,,ES0104,,EUR,ES0104,2.9
2021,EU_GDP_PCAPNOM,,ES0104,,EUR,ES0104,6.8
2018,EU_GDP_PCAPNOM,,ES0104,,EUR,ES0104,0.6
2019,EU_GDP_PCAPNOM,,ES0104,,EUR,ES0104,-1.9
2016,EU_GDP_PCAPNOM,,ES0104,,EUR,ES0104,10.5
2020,EU_GDP_PCAPNOM,,ES0104,,EUR,ES0104,-15.4
2017,EU_GDP_PCAPNOM,,ES0104,,EUR,ES0104,5.7
2018,EU_GDP_PCAPNOM,,ES0106,,EUR,ES0106,3.5
2020,EU_GDP_PCAPNOM,,ES0106,,EUR,ES0106,-13.4
2019,EU_GDP_PCAPNOM,,ES0106,,EUR,ES0106,1.3
2017,EU_GDP_PCAPNOM,,ES0106,,EUR,ES0106,1.3
2021,EU_GDP_PCAPNOM,,ES0106,,EUR,ES0106,0.2
2015,EU_GDP_PCAPNOM,,ES0106,,EUR,ES0106,0.9
2016,EU_GDP_PCAPNOM,,ES0106,,EUR,ES0106,-1.6
2021,EU_GDP_PCAPNOM,,ES0102,,EUR,ES0102,8.3
2017,EU_GDP_PCAPNOM,,ES0102,,EUR,ES0102,2.1
2019,EU_GDP_PCAPNOM,,ES0102,,EUR,ES0102,2.8
2016,EU_GDP_PCAPNOM,,ES0102,,EUR,ES0102,3.4
2015,EU_GDP_PCAPNOM,,ES0102,,EUR,ES0102,3.2
2020,EU_GDP_PCAPNOM,,ES0102,,EUR,ES0102,-9.8
2018,EU_GDP_PCAPNOM,,ES0102,,EUR,ES0102,3.1
2021,EU_GDP_PCAPNOM,,ES0103,,EUR,ES0103,-5.1
2019,EU_GDP_PCAPNOM,,ES0103,,EUR,ES0103,1.5
2016,EU_GDP_PCAPNOM,,ES0103,,EUR,ES0103,1.9
2017,EU_GDP_PCAPNOM,,ES0103,,EUR,ES0103,-0.8
2015,EU_GDP_PCAPNOM,,ES0103,,EUR,ES0103,2.4
2020,EU_GDP_PCAPNOM,,ES0103,,EUR,ES0103,-2.4
2018,EU_GDP_PCAPNOM,,ES0103,,EUR,ES0103,5
2021,EU_GDP_PCAPNOM,,ES4801,,EUR,ES4801,3.2
2015,EU_GDP_PCAPNOM,,ES4801,,EUR,ES4801,-4.3
2020,EU_GDP_PCAPNOM,,ES4801,,EUR,ES4801,-14.3
2016,EU_GDP_PCAPNOM,,ES4801,,EUR,ES4801,14.1
2018,EU_GDP_PCAPNOM,,ES4801,,EUR,ES4801,6.3
2017,EU_GDP_PCAPNOM,,ES4801,,EUR,ES4801,6.9
2019,EU_GDP_PCAPNOM,,ES4801,,EUR,ES4801,2
2015,EU_GDP_PCAPNOM,,ES2001,,EUR,ES2001,-0.2
2020,EU_GDP_PCAPNOM,,ES2001,,EUR,ES2001,-12.9
2016,EU_GDP_PCAPNOM,,ES2001,,EUR,ES2001,5.8
2018,EU_GDP_PCAPNOM,,ES2001,,EUR,ES2001,8
2019,EU_GDP_PCAPNOM,,ES2001,,EUR,ES2001,1.7
2017,EU_GDP_PCAPNOM,,ES2001,,EUR,ES2001,4.7
2021,EU_GDP_PCAPNOM,,ES2001,,EUR,ES2001,10.3
2017,EU_GDP_PCAPNOM,,ES4802,,EUR,ES4802,3.2
2018,EU_GDP_PCAPNOM,,ES4802,,EUR,ES4802,4.2
2019,EU_GDP_PCAPNOM,,ES4802,,EUR,ES4802,2.8
2020,EU_GDP_PCAPNOM,,ES4802,,EUR,ES4802,-9.2
2016,EU_GDP_PCAPNOM,,ES4802,,EUR,ES4802,4.9
2021,EU_GDP_PCAPNOM,,ES4802,,EUR,ES4802,8.7
2015,EU_GDP_PCAPNOM,,ES4802,,EUR,ES4802,3.4
2021,EU_GDP_PCAPNOM,,ES2002,,EUR,ES2002,7.5
2019,EU_GDP_PCAPNOM,,ES2002,,EUR,ES2002,0.2
2018,EU_GDP_PCAPNOM,,ES2002,,EUR,ES2002,6.2
2020,EU_GDP_PCAPNOM,,ES2002,,EUR,ES2002,-9.5
2016,EU_GDP_PCAPNOM,,ES2002,,EUR,ES2002,4.1
2015,EU_GDP_PCAPNOM,,ES2002,,EUR,ES2002,6.1
2017,EU_GDP_PCAPNOM,,ES2002,,EUR,ES2002,2
2015,EU_GDP_PCAPNOM,,ES2003,,EUR,ES2003,1.8
2016,EU_GDP_PCAPNOM,,ES2003,,EUR,ES2003,1.1
2018,EU_GDP_PCAPNOM,,ES2003,,EUR,ES2003,4.8
2021,EU_GDP_PCAPNOM,,ES2003,,EUR,ES2003,12.4
2019,EU_GDP_PCAPNOM,,ES2003,,EUR,ES2003,7.6
2020,EU_GDP_PCAPNOM,,ES2003,,EUR,ES2003,-8.3
2017,EU_GDP_PCAPNOM,,ES2003,,EUR,ES2003,2.9
2020,EU_GDP_PCAPNOM,,ES2004,,EUR,ES2004,-10.3
2015,EU_GDP_PCAPNOM,,ES2004,,EUR,ES2004,2.8
2016,EU_GDP_PCAPNOM,,ES2004,,EUR,ES2004,4.9
2018,EU_GDP_PCAPNOM,,ES2004,,EUR,ES2004,3.2
2017,EU_GDP_PCAPNOM,,ES2004,,EUR,ES2004,4
2021,EU_GDP_PCAPNOM,,ES2004,,EUR,ES2004,7.4
2019,EU_GDP_PCAPNOM,,ES2004,,EUR,ES2004,3.6
2018,EU_GDP_PCAPNOM,,ES4803,,EUR,ES4803,4
2020,EU_GDP_PCAPNOM,,ES4803,,EUR,ES4803,-8.4
2017,EU_GDP_PCAPNOM,,ES4803,,EUR,ES4803,4.3
2019,EU_GDP_PCAPNOM,,ES4803,,EUR,ES4803,1.3
2015,EU_GDP_PCAPNOM,,ES4803,,EUR,ES4803,4.3
2021,EU_GDP_PCAPNOM,,ES4803,,EUR,ES4803,19.9
2016,EU_GDP_PCAPNOM,,ES4803,,EUR,ES4803,3.5
2015,EU_GDP_PCAPNOM,,ES4804,,EUR,ES4804,1.8
2016,EU_GDP_PCAPNOM,,ES4804,,EUR,ES4804,2.2
2018,EU_GDP_PCAPNOM,,ES4804,,EUR,ES4804,0.3
2021,EU_GDP_PCAPNOM,,ES4804,,EUR,ES4804,2
2017,EU_GDP_PCAPNOM,,ES4804,,EUR,ES4804,-0.7
2019,EU_GDP_PCAPNOM,,ES4804,,EUR,ES4804,13.3
2020,EU_GDP_PCAPNOM,,ES4804,,EUR,ES4804,-11.6
2019,EU_GDP_PCAPNOM,,ES4805,,EUR,ES4805,0.6
2015,EU_GDP_PCAPNOM,,ES4805,,EUR,ES4805,7.2
2020,EU_GDP_PCAPNOM,,ES4805,,EUR,ES4805,-11.1
2021,EU_GDP_PCAPNOM,,ES4805,,EUR,ES4805,14.1
2017,EU_GDP_PCAPNOM,,ES4805,,EUR,ES4805,6.7
2018,EU_GDP_PCAPNOM,,ES4805,,EUR,ES4805,-0.5
2016,EU_GDP_PCAPNOM,,ES4805,,EUR,ES4805,1.3
2016,EU_GDP_PCAPNOM,,ES2005,,EUR,ES2005,1.4
2017,EU_GDP_PCAPNOM,,ES2005,,EUR,ES2005,4.4
2015,EU_GDP_PCAPNOM,,ES2005,,EUR,ES2005,4.8
2021,EU_GDP_PCAPNOM,,ES2005,,EUR,ES2005,10.7
2019,EU_GDP_PCAPNOM,,ES2005,,EUR,ES2005,3.4
2018,EU_GDP_PCAPNOM,,ES2005,,EUR,ES2005,9.3
2020,EU_GDP_PCAPNOM,,ES2005,,EUR,ES2005,-11.7
2017,EU_GDP_PCAPNOM,,ES0105,,EUR,ES0105,8
2020,EU_GDP_PCAPNOM,,ES0105,,EUR,ES0105,-14.8
2019,EU_GDP_PCAPNOM,,ES0105,,EUR,ES0105,0.1
2016,EU_GDP_PCAPNOM,,ES0105,,EUR,ES0105,1.1
2021,EU_GDP_PCAPNOM,,ES0105,,EUR,ES0105,24.9
2015,EU_GDP_PCAPNOM,,ES0105,,EUR,ES0105,6
2018,EU_GDP_PCAPNOM,,ES0105,,EUR,ES0105,4.6
2019,EU_GDP_PCAPNOM,,ES4806,,EUR,ES4806,0.8
2020,EU_GDP_PCAPNOM,,ES4806,,EUR,ES4806,-9.8
2021,EU_GDP_PCAPNOM,,ES4806,,EUR,ES4806,3.4
2018,EU_GDP_PCAPNOM,,ES4806,,EUR,ES4806,-1.3
2017,EU_GDP_PCAPNOM,,ES4806,,EUR,ES4806,-0.1
2016,EU_GDP_PCAPNOM,,ES4806,,EUR,ES4806,3.3
2015,EU_GDP_PCAPNOM,,ES4806,,EUR,ES4806,1
2015,EU_GDP_PCAPNOM,,ES4807,,EUR,ES4807,1.4
2021,EU_GDP_PCAPNOM,,ES4807,,EUR,ES4807,6.7
2016,EU_GDP_PCAPNOM,,ES4807,,EUR,ES4807,-3
2018,EU_GDP_PCAPNOM,,ES4807,,EUR,ES4807,3.1
2020,EU_GDP_PCAPNOM,,ES4807,,EUR,ES4807,-8.9
2017,EU_GDP_PCAPNOM,,ES4807,,EUR,ES4807,4.8
2019,EU_GDP_PCAPNOM,,ES4807,,EUR,ES4807,6.4
2015,EU_GDP_PCAPNOM,,ES2006,,EUR,ES2006,4.3
2017,EU_GDP_PCAPNOM,,ES2006,,EUR,ES2006,2.3
2016,EU_GDP_PCAPNOM,,ES2006,,EUR,ES2006,2
2021,EU_GDP_PCAPNOM,,ES2006,,EUR,ES2006,7.4
2018,EU_GDP_PCAPNOM,,ES2006,,EUR,ES2006,3.1
2019,EU_GDP_PCAPNOM,,ES2006,,EUR,ES2006,5
2020,EU_GDP_PCAPNOM,,ES2006,,EUR,ES2006,-7
2021,EU_GDP_PCAPNOM,,ES2007,,EUR,ES2007,7.8
2017,EU_GDP_PCAPNOM,,ES2007,,EUR,ES2007,1.5
2015,EU_GDP_PCAPNOM,,ES2007,,EUR,ES2007,4.5
2019,EU_GDP_PCAPNOM,,ES2007,,EUR,ES2007,2.7
2016,EU_GDP_PCAPNOM,,ES2007,,EUR,ES2007,1.3
2020,EU_GDP_PCAPNOM,,ES2007,,EUR,ES2007,-8.8
2018,EU_GDP_PCAPNOM,,ES2007,,EUR,ES2007,6.8
2018,EU_GDP_PCAPNOM,ES211,,,EUR,ES211,2.9
2020,EU_GDP_PCAPNOM,ES211,,,EUR,ES211,-10.6
2019,EU_GDP_PCAPNOM,ES211,,,EUR,ES211,2.4
2015,EU_GDP_PCAPNOM,ES211,,,EUR,ES211,3.1
2021,EU_GDP_PCAPNOM,ES211,,,EUR,ES211,7.9
2022,EU_GDP_PCAPNOM,ES211,,,EUR,ES211,8
2016,EU_GDP_PCAPNOM,ES211,,,EUR,ES211,3.2
2017,EU_GDP_PCAPNOM,ES211,,,EUR,ES211,2.1
2021,EU_GDP_PCAPNOM,ES213,,,EUR,ES213,9.6
2019,EU_GDP_PCAPNOM,ES213,,,EUR,ES213,2.8
2018,EU_GDP_PCAPNOM,ES213,,,EUR,ES213,3.8
2022,EU_GDP_PCAPNOM,ES213,,,EUR,ES213,12.4
2020,EU_GDP_PCAPNOM,ES213,,,EUR,ES213,-9.4
2016,EU_GDP_PCAPNOM,ES213,,,EUR,ES213,4.4
2015,EU_GDP_PCAPNOM,ES213,,,EUR,ES213,3.3
2017,EU_GDP_PCAPNOM,ES213,,,EUR,ES213,3.4
2021,EU_GDP_PCAPNOM,ES212,,,EUR,ES212,8.5
2018,EU_GDP_PCAPNOM,ES212,,,EUR,ES212,4.9
2017,EU_GDP_PCAPNOM,ES212,,,EUR,ES212,3.5
2019,EU_GDP_PCAPNOM,ES212,,,EUR,ES212,3.5
2022,EU_GDP_PCAPNOM,ES212,,,EUR,ES212,8.6
2016,EU_GDP_PCAPNOM,ES212,,,EUR,ES212,3.7
2015,EU_GDP_PCAPNOM,ES212,,,EUR,ES212,3.1
2020,EU_GDP_PCAPNOM,ES212,,,EUR,ES212,-10.1
