Year,Territorio,Units,Value
2019,,PER_100000_LIVE_BIRTHS,6.49
2022,,PER_100000_LIVE_BIRTHS,7.33
2021,,PER_100000_LIVE_BIRTHS,0
2018,,PER_100000_LIVE_BIRTHS,6.22
2023,,PER_100000_LIVE_BIRTHS,7.43
2017,,PER_100000_LIVE_BIRTHS,0
2015,,PER_100000_LIVE_BIRTHS,0
2012,,PER_100000_LIVE_BIRTHS,0
2016,,PER_100000_LIVE_BIRTHS,10.96
2011,,PER_100000_LIVE_BIRTHS,0
2014,,PER_100000_LIVE_BIRTHS,0
2013,,PER_100000_LIVE_BIRTHS,0
2010,,PER_100000_LIVE_BIRTHS,4.73
2020,,PER_100000_LIVE_BIRTHS,6.78
2012,ES211,PER_100000_LIVE_BIRTHS,0
2013,ES211,PER_100000_LIVE_BIRTHS,0
2014,ES211,PER_100000_LIVE_BIRTHS,0
2010,ES211,PER_100000_LIVE_BIRTHS,0
2018,ES211,PER_100000_LIVE_BIRTHS,0
2017,ES211,PER_100000_LIVE_BIRTHS,0
2011,ES211,PER_100000_LIVE_BIRTHS,0
2020,ES211,PER_100000_LIVE_BIRTHS,0
2021,ES211,PER_100000_LIVE_BIRTHS,0
2015,ES211,PER_100000_LIVE_BIRTHS,0
2019,ES211,PER_100000_LIVE_BIRTHS,0
2022,ES211,PER_100000_LIVE_BIRTHS,0
2016,ES211,PER_100000_LIVE_BIRTHS,0
2023,ES211,PER_100000_LIVE_BIRTHS,0
2013,ES213,PER_100000_LIVE_BIRTHS,0
2015,ES213,PER_100000_LIVE_BIRTHS,0
2016,ES213,PER_100000_LIVE_BIRTHS,21.86
2017,ES213,PER_100000_LIVE_BIRTHS,0
2019,ES213,PER_100000_LIVE_BIRTHS,0
2020,ES213,PER_100000_LIVE_BIRTHS,13.66
2021,ES213,PER_100000_LIVE_BIRTHS,0
2023,ES213,PER_100000_LIVE_BIRTHS,14.99
2010,ES213,PER_100000_LIVE_BIRTHS,9.44
2011,ES213,PER_100000_LIVE_BIRTHS,0
2012,ES213,PER_100000_LIVE_BIRTHS,0
2022,ES213,PER_100000_LIVE_BIRTHS,0
2018,ES213,PER_100000_LIVE_BIRTHS,12.59
2014,ES213,PER_100000_LIVE_BIRTHS,0
2022,ES212,PER_100000_LIVE_BIRTHS,22.18
2023,ES212,PER_100000_LIVE_BIRTHS,0
2010,ES212,PER_100000_LIVE_BIRTHS,0
2011,ES212,PER_100000_LIVE_BIRTHS,0
2012,ES212,PER_100000_LIVE_BIRTHS,0
2013,ES212,PER_100000_LIVE_BIRTHS,0
2014,ES212,PER_100000_LIVE_BIRTHS,0
2015,ES212,PER_100000_LIVE_BIRTHS,0
2016,ES212,PER_100000_LIVE_BIRTHS,0
2017,ES212,PER_100000_LIVE_BIRTHS,0
2018,ES212,PER_100000_LIVE_BIRTHS,0
2019,ES212,PER_100000_LIVE_BIRTHS,19.48
2020,ES212,PER_100000_LIVE_BIRTHS,0
2021,ES212,PER_100000_LIVE_BIRTHS,0
