Year,Institucion,Territorio,Units,Value
2014,SG_DMK_PSRVC,,RO,1.16
2016,SG_DMK_PSRVC,,RO,1.17
2022,SG_DMK_PSRVC,,RO,1.23
2018,SG_DMK_PSRVC,,RO,1.16
2011,SG_DMK_PSRVC,,RO,1.12
2020,SG_DMK_PSRVC,,RO,1.22
2013,SG_DMK_PSRVC,,RO,1.15
2017,SG_DMK_PSRVC,,RO,1.19
2021,SG_DMK_PSRVC,,RO,1.23
2023,SG_DMK_PSRVC,,RO,1.29
2012,SG_DMK_PSRVC,,RO,1.14
2010,SG_DMK_PSRVC,,RO,1.13
2019,SG_DMK_PSRVC,,RO,1.21
2015,SG_DMK_PSRVC,,RO,1.16
2016,SG_DMK_PSRVC,ES211,RO,1.21
2017,SG_DMK_PSRVC,ES211,RO,1.22
2014,SG_DMK_PSRVC,ES211,RO,1.2
2018,SG_DMK_PSRVC,ES211,RO,1.22
2023,SG_DMK_PSRVC,ES211,RO,1.28
2022,SG_DMK_PSRVC,ES211,RO,1.27
2019,SG_DMK_PSRVC,ES211,RO,1.24
2021,SG_DMK_PSRVC,ES211,RO,1.25
2020,SG_DMK_PSRVC,ES211,RO,1.24
2011,SG_DMK_PSRVC,ES211,RO,1.16
2010,SG_DMK_PSRVC,ES211,RO,1.16
2013,SG_DMK_PSRVC,ES211,RO,1.19
2012,SG_DMK_PSRVC,ES211,RO,1.18
2015,SG_DMK_PSRVC,ES211,RO,1.2
2018,SG_DMK_PSRVC,ES213,RO,1.12
2017,SG_DMK_PSRVC,ES213,RO,1.17
2015,SG_DMK_PSRVC,ES213,RO,1.14
2019,SG_DMK_PSRVC,ES213,RO,1.19
2011,SG_DMK_PSRVC,ES213,RO,1.1
2016,SG_DMK_PSRVC,ES213,RO,1.14
2013,SG_DMK_PSRVC,ES213,RO,1.12
2012,SG_DMK_PSRVC,ES213,RO,1.11
2022,SG_DMK_PSRVC,ES213,RO,1.21
2021,SG_DMK_PSRVC,ES213,RO,1.21
2023,SG_DMK_PSRVC,ES213,RO,1.29
2010,SG_DMK_PSRVC,ES213,RO,1.11
2020,SG_DMK_PSRVC,ES213,RO,1.2
2014,SG_DMK_PSRVC,ES213,RO,1.13
2021,SG_DMK_PSRVC,ES212,RO,1.25
2010,SG_DMK_PSRVC,ES212,RO,1.15
2020,SG_DMK_PSRVC,ES212,RO,1.24
2016,SG_DMK_PSRVC,ES212,RO,1.19
2015,SG_DMK_PSRVC,ES212,RO,1.18
2011,SG_DMK_PSRVC,ES212,RO,1.14
2023,SG_DMK_PSRVC,ES212,RO,1.31
2012,SG_DMK_PSRVC,ES212,RO,1.17
2022,SG_DMK_PSRVC,ES212,RO,1.23
2018,SG_DMK_PSRVC,ES212,RO,1.17
2013,SG_DMK_PSRVC,ES212,RO,1.18
2019,SG_DMK_PSRVC,ES212,RO,1.23
2017,SG_DMK_PSRVC,ES212,RO,1.21
2014,SG_DMK_PSRVC,ES212,RO,1.17
2019,EU_DMK_PSRVC_AUT,,RO,1.37
2015,EU_DMK_PSRVC_AUT,,RO,1.33
2017,EU_DMK_PSRVC_AUT,,RO,1.35
2013,EU_DMK_PSRVC_AUT,,RO,1.33
2023,EU_DMK_PSRVC_AUT,,RO,1.4
2021,EU_DMK_PSRVC_AUT,,RO,1.36
2022,EU_DMK_PSRVC_AUT,,RO,1.34
2012,EU_DMK_PSRVC_AUT,,RO,1.32
2016,EU_DMK_PSRVC_AUT,,RO,1.34
2010,EU_DMK_PSRVC_AUT,,RO,1.31
2018,EU_DMK_PSRVC_AUT,,RO,1.3
2020,EU_DMK_PSRVC_AUT,,RO,1.34
2014,EU_DMK_PSRVC_AUT,,RO,1.33
2011,EU_DMK_PSRVC_AUT,,RO,1.31
2023,EU_DMK_PSRVC_AUT,ES211,RO,1.32
2022,EU_DMK_PSRVC_AUT,ES211,RO,1.32
2018,EU_DMK_PSRVC_AUT,ES211,RO,1.31
2021,EU_DMK_PSRVC_AUT,ES211,RO,1.33
2019,EU_DMK_PSRVC_AUT,ES211,RO,1.34
2016,EU_DMK_PSRVC_AUT,ES211,RO,1.31
2010,EU_DMK_PSRVC_AUT,ES211,RO,1.28
2017,EU_DMK_PSRVC_AUT,ES211,RO,1.32
2013,EU_DMK_PSRVC_AUT,ES211,RO,1.3
2014,EU_DMK_PSRVC_AUT,ES211,RO,1.31
2020,EU_DMK_PSRVC_AUT,ES211,RO,1.32
2015,EU_DMK_PSRVC_AUT,ES211,RO,1.32
2011,EU_DMK_PSRVC_AUT,ES211,RO,1.29
2012,EU_DMK_PSRVC_AUT,ES211,RO,1.29
2022,EU_DMK_PSRVC_AUT,ES213,RO,1.33
2017,EU_DMK_PSRVC_AUT,ES213,RO,1.33
2013,EU_DMK_PSRVC_AUT,ES213,RO,1.31
2018,EU_DMK_PSRVC_AUT,ES213,RO,1.26
2015,EU_DMK_PSRVC_AUT,ES213,RO,1.32
2021,EU_DMK_PSRVC_AUT,ES213,RO,1.33
2016,EU_DMK_PSRVC_AUT,ES213,RO,1.32
2010,EU_DMK_PSRVC_AUT,ES213,RO,1.3
2020,EU_DMK_PSRVC_AUT,ES213,RO,1.32
2012,EU_DMK_PSRVC_AUT,ES213,RO,1.3
2011,EU_DMK_PSRVC_AUT,ES213,RO,1.29
2014,EU_DMK_PSRVC_AUT,ES213,RO,1.32
2019,EU_DMK_PSRVC_AUT,ES213,RO,1.35
2023,EU_DMK_PSRVC_AUT,ES213,RO,1.41
2022,EU_DMK_PSRVC_AUT,ES212,RO,1.39
2021,EU_DMK_PSRVC_AUT,ES212,RO,1.42
2020,EU_DMK_PSRVC_AUT,ES212,RO,1.4
2016,EU_DMK_PSRVC_AUT,ES212,RO,1.38
2017,EU_DMK_PSRVC_AUT,ES212,RO,1.4
2018,EU_DMK_PSRVC_AUT,ES212,RO,1.34
2012,EU_DMK_PSRVC_AUT,ES212,RO,1.37
2011,EU_DMK_PSRVC_AUT,ES212,RO,1.35
2013,EU_DMK_PSRVC_AUT,ES212,RO,1.38
2019,EU_DMK_PSRVC_AUT,ES212,RO,1.42
2023,EU_DMK_PSRVC_AUT,ES212,RO,1.47
2014,EU_DMK_PSRVC_AUT,ES212,RO,1.37
2010,EU_DMK_PSRVC_AUT,ES212,RO,1.34
2015,EU_DMK_PSRVC_AUT,ES212,RO,1.37
2023,EU_DMK_SAN_AUT,,RO,1.57
2019,EU_DMK_SAN_AUT,,RO,1.56
2022,EU_DMK_SAN_AUT,,RO,1.57
2016,EU_DMK_SAN_AUT,,RO,1.54
2017,EU_DMK_SAN_AUT,,RO,1.55
2010,EU_DMK_EDU_AUT,,RO,1.47
2022,EU_DMK_DF,,RO,1.29
2021,EU_DMK_SAN_AUT,,RO,1.57
2023,EU_DMK_DF,,RO,1.29
2018,EU_DMK_SAN_AUT,,RO,1.47
2013,EU_DMK_SAN_AUT,,RO,1.53
2020,EU_DMK_DF,,RO,1.27
2019,EU_DMK_EDU_AUT,,RO,1.5
2012,EU_DMK_EDU_AUT,,RO,1.49
2022,EU_DMK_EDU_AUT,,RO,1.46
2010,EU_DMK_SAN_AUT,,RO,1.5
2011,EU_DMK_SAN_AUT,,RO,1.49
2021,EU_DMK_EDU_AUT,,RO,1.49
2020,EU_DMK_EDU_AUT,,RO,1.48
2017,EU_DMK_EDU_AUT,,RO,1.49
2018,EU_DMK_EDU_AUT,,RO,1.48
2021,EU_DMK_DF,,RO,1.27
2014,EU_DMK_EDU_AUT,,RO,1.48
2015,EU_DMK_SAN_AUT,,RO,1.53
2015,EU_DMK_EDU_AUT,,RO,1.49
2023,EU_DMK_EDU_AUT,,RO,1.48
2020,EU_DMK_SAN_AUT,,RO,1.56
2016,EU_DMK_EDU_AUT,,RO,1.48
2013,EU_DMK_EDU_AUT,,RO,1.48
2011,EU_DMK_EDU_AUT,,RO,1.48
2012,EU_DMK_SAN_AUT,,RO,1.51
2014,EU_DMK_SAN_AUT,,RO,1.53
2020,EU_DMK_EDU_AUT,ES211,RO,1.46
2015,EU_DMK_EDU_AUT,ES211,RO,1.47
2011,EU_DMK_SAN_AUT,ES211,RO,1.53
2022,EU_DMK_SAN_AUT,ES211,RO,1.57
2012,EU_DMK_EDU_AUT,ES211,RO,1.47
2014,EU_DMK_EDU_AUT,ES211,RO,1.47
2020,EU_DMK_SAN_AUT,ES211,RO,1.55
2023,EU_DMK_SAN_AUT,ES211,RO,1.57
2018,EU_DMK_EDU_AUT,ES211,RO,1.45
2021,EU_DMK_DF,ES211,RO,1.36
2022,EU_DMK_DF,ES211,RO,1.38
2023,EU_DMK_EDU_AUT,ES211,RO,1.47
2019,EU_DMK_EDU_AUT,ES211,RO,1.48
2013,EU_DMK_SAN_AUT,ES211,RO,1.55
2010,EU_DMK_SAN_AUT,ES211,RO,1.53
2022,EU_DMK_EDU_AUT,ES211,RO,1.44
2016,EU_DMK_SAN_AUT,ES211,RO,1.55
2017,EU_DMK_SAN_AUT,ES211,RO,1.55
2013,EU_DMK_EDU_AUT,ES211,RO,1.47
2023,EU_DMK_DF,ES211,RO,1.37
2019,EU_DMK_SAN_AUT,ES211,RO,1.55
2021,EU_DMK_SAN_AUT,ES211,RO,1.55
2014,EU_DMK_SAN_AUT,ES211,RO,1.54
2010,EU_DMK_EDU_AUT,ES211,RO,1.46
2020,EU_DMK_DF,ES211,RO,1.38
2017,EU_DMK_EDU_AUT,ES211,RO,1.47
2015,EU_DMK_SAN_AUT,ES211,RO,1.54
2011,EU_DMK_EDU_AUT,ES211,RO,1.48
2018,EU_DMK_SAN_AUT,ES211,RO,1.56
2012,EU_DMK_SAN_AUT,ES211,RO,1.54
2016,EU_DMK_EDU_AUT,ES211,RO,1.47
2021,EU_DMK_EDU_AUT,ES211,RO,1.47
2018,EU_DMK_SAN_AUT,ES213,RO,1.42
2013,EU_DMK_SAN_AUT,ES213,RO,1.49
2019,EU_DMK_SAN_AUT,ES213,RO,1.53
2023,EU_DMK_SAN_AUT,ES213,RO,1.54
2010,EU_DMK_SAN_AUT,ES213,RO,1.46
2020,EU_DMK_DF,ES213,RO,1.25
2015,EU_DMK_EDU_AUT,ES213,RO,1.5
2016,EU_DMK_EDU_AUT,ES213,RO,1.49
2023,EU_DMK_EDU_AUT,ES213,RO,1.49
2012,EU_DMK_SAN_AUT,ES213,RO,1.48
2022,EU_DMK_EDU_AUT,ES213,RO,1.46
2011,EU_DMK_SAN_AUT,ES213,RO,1.46
2019,EU_DMK_EDU_AUT,ES213,RO,1.51
2020,EU_DMK_SAN_AUT,ES213,RO,1.54
2010,EU_DMK_EDU_AUT,ES213,RO,1.49
2014,EU_DMK_SAN_AUT,ES213,RO,1.5
2011,EU_DMK_EDU_AUT,ES213,RO,1.5
2021,EU_DMK_SAN_AUT,ES213,RO,1.55
2014,EU_DMK_EDU_AUT,ES213,RO,1.5
2022,EU_DMK_SAN_AUT,ES213,RO,1.56
2017,EU_DMK_SAN_AUT,ES213,RO,1.52
2016,EU_DMK_SAN_AUT,ES213,RO,1.51
2020,EU_DMK_EDU_AUT,ES213,RO,1.49
2015,EU_DMK_SAN_AUT,ES213,RO,1.5
2013,EU_DMK_EDU_AUT,ES213,RO,1.5
2022,EU_DMK_DF,ES213,RO,1.26
2012,EU_DMK_EDU_AUT,ES213,RO,1.5
2021,EU_DMK_EDU_AUT,ES213,RO,1.49
2023,EU_DMK_DF,ES213,RO,1.26
2018,EU_DMK_EDU_AUT,ES213,RO,1.49
2021,EU_DMK_DF,ES213,RO,1.25
2017,EU_DMK_EDU_AUT,ES213,RO,1.51
2016,EU_DMK_SAN_AUT,ES212,RO,1.59
2013,EU_DMK_SAN_AUT,ES212,RO,1.58
2011,EU_DMK_SAN_AUT,ES212,RO,1.53
2010,EU_DMK_SAN_AUT,ES212,RO,1.54
2023,EU_DMK_DF,ES212,RO,1.26
2023,EU_DMK_SAN_AUT,ES212,RO,1.61
2012,EU_DMK_SAN_AUT,ES212,RO,1.56
2015,EU_DMK_EDU_AUT,ES212,RO,1.48
2014,EU_DMK_SAN_AUT,ES212,RO,1.59
2018,EU_DMK_SAN_AUT,ES212,RO,1.48
2013,EU_DMK_EDU_AUT,ES212,RO,1.46
2020,EU_DMK_SAN_AUT,ES212,RO,1.62
2014,EU_DMK_EDU_AUT,ES212,RO,1.47
2021,EU_DMK_EDU_AUT,ES212,RO,1.49
2016,EU_DMK_EDU_AUT,ES212,RO,1.47
2017,EU_DMK_SAN_AUT,ES212,RO,1.6
2022,EU_DMK_DF,ES212,RO,1.26
2019,EU_DMK_EDU_AUT,ES212,RO,1.5
2018,EU_DMK_EDU_AUT,ES212,RO,1.47
2010,EU_DMK_EDU_AUT,ES212,RO,1.45
2015,EU_DMK_SAN_AUT,ES212,RO,1.58
2023,EU_DMK_EDU_AUT,ES212,RO,1.48
2011,EU_DMK_EDU_AUT,ES212,RO,1.46
2022,EU_DMK_SAN_AUT,ES212,RO,1.61
2021,EU_DMK_SAN_AUT,ES212,RO,1.62
2019,EU_DMK_SAN_AUT,ES212,RO,1.61
2020,EU_DMK_DF,ES212,RO,1.2
2021,EU_DMK_DF,ES212,RO,1.22
2022,EU_DMK_EDU_AUT,ES212,RO,1.46
2020,EU_DMK_EDU_AUT,ES212,RO,1.48
2017,EU_DMK_EDU_AUT,ES212,RO,1.49
2012,EU_DMK_EDU_AUT,ES212,RO,1.47
2021,EU_DMK_UNI,,RO,1.06
2013,EU_DMK_POL_AUT,,RO,0.22
2022,EU_DMK_POL_AUT,,RO,0.3
2023,EU_DMK_UNI,,RO,1.06
2010,EU_DMK_POL_AUT,,RO,0.2
2018,EU_DMK_UNI,,RO,1.03
2019,EU_DMK_UNI,,RO,1.04
2016,EU_DMK_POL_AUT,,RO,0.22
2015,EU_DMK_UNI,,RO,1
2014,EU_DMK_UNI,,RO,0.99
2016,EU_DMK_UNI,,RO,1.01
2011,EU_DMK_POL_AUT,,RO,0.22
2012,EU_DMK_POL_AUT,,RO,0.22
2018,EU_DMK_POL_AUT,,RO,0.24
2021,EU_DMK_POL_AUT,,RO,0.26
2011,EU_DMK_UNI,,RO,0.78
2017,EU_DMK_UNI,,RO,1.04
2023,EU_DMK_POL_AUT,,RO,0.3
2017,EU_DMK_POL_AUT,,RO,0.22
2013,EU_DMK_UNI,,RO,0.98
2010,EU_DMK_UNI,,RO,0.77
2020,EU_DMK_UNI,,RO,1.05
2014,EU_DMK_POL_AUT,,RO,0.22
2015,EU_DMK_POL_AUT,,RO,0.23
2012,EU_DMK_UNI,,RO,0.97
2019,EU_DMK_POL_AUT,,RO,0.24
2022,EU_DMK_UNI,,RO,1.07
2020,EU_DMK_POL_AUT,,RO,0.26
2018,EU_DMK_POL_AUT,ES211,RO,0.21
2017,EU_DMK_POL_AUT,ES211,RO,0.21
2013,EU_DMK_POL_AUT,ES211,RO,0.21
2010,EU_DMK_POL_AUT,ES211,RO,0.19
2011,EU_DMK_POL_AUT,ES211,RO,0.19
2016,EU_DMK_POL_AUT,ES211,RO,0.21
2017,EU_DMK_UNI,ES211,RO,1.03
2015,EU_DMK_POL_AUT,ES211,RO,0.2
2012,EU_DMK_POL_AUT,ES211,RO,0.19
2014,EU_DMK_POL_AUT,ES211,RO,0.2
2021,EU_DMK_UNI,ES211,RO,1.04
2013,EU_DMK_UNI,ES211,RO,0.99
2011,EU_DMK_UNI,ES211,RO,0.89
2019,EU_DMK_POL_AUT,ES211,RO,0.21
2020,EU_DMK_POL_AUT,ES211,RO,0.22
2023,EU_DMK_POL_AUT,ES211,RO,0.26
2012,EU_DMK_UNI,ES211,RO,0.99
2019,EU_DMK_UNI,ES211,RO,1.02
2018,EU_DMK_UNI,ES211,RO,1.03
2022,EU_DMK_UNI,ES211,RO,1.05
2014,EU_DMK_UNI,ES211,RO,0.98
2023,EU_DMK_UNI,ES211,RO,1.06
2020,EU_DMK_UNI,ES211,RO,1.02
2016,EU_DMK_UNI,ES211,RO,1.03
2015,EU_DMK_UNI,ES211,RO,0.99
2010,EU_DMK_UNI,ES211,RO,0.89
2022,EU_DMK_POL_AUT,ES211,RO,0.26
2021,EU_DMK_POL_AUT,ES211,RO,0.22
2017,EU_DMK_UNI,ES213,RO,1.04
2020,EU_DMK_UNI,ES213,RO,1.04
2022,EU_DMK_UNI,ES213,RO,1.06
2016,EU_DMK_POL_AUT,ES213,RO,0.2
2019,EU_DMK_UNI,ES213,RO,1.03
2010,EU_DMK_POL_AUT,ES213,RO,0.19
2016,EU_DMK_UNI,ES213,RO,0.99
2012,EU_DMK_UNI,ES213,RO,0.95
2013,EU_DMK_UNI,ES213,RO,0.96
2021,EU_DMK_UNI,ES213,RO,1.05
2023,EU_DMK_POL_AUT,ES213,RO,0.27
2022,EU_DMK_POL_AUT,ES213,RO,0.27
2010,EU_DMK_UNI,ES213,RO,0.74
2014,EU_DMK_UNI,ES213,RO,0.97
2018,EU_DMK_UNI,ES213,RO,1.02
2021,EU_DMK_POL_AUT,ES213,RO,0.25
2020,EU_DMK_POL_AUT,ES213,RO,0.24
2017,EU_DMK_POL_AUT,ES213,RO,0.21
2015,EU_DMK_POL_AUT,ES213,RO,0.21
2013,EU_DMK_POL_AUT,ES213,RO,0.2
2011,EU_DMK_POL_AUT,ES213,RO,0.2
2012,EU_DMK_POL_AUT,ES213,RO,0.2
2015,EU_DMK_UNI,ES213,RO,0.99
2014,EU_DMK_POL_AUT,ES213,RO,0.2
2019,EU_DMK_POL_AUT,ES213,RO,0.22
2018,EU_DMK_POL_AUT,ES213,RO,0.22
2011,EU_DMK_UNI,ES213,RO,0.75
2019,EU_DMK_POL_AUT,ES212,RO,0.3
2020,EU_DMK_POL_AUT,ES212,RO,0.31
2023,EU_DMK_POL_AUT,ES212,RO,0.36
2022,EU_DMK_UNI,ES212,RO,1.11
2021,EU_DMK_UNI,ES212,RO,1.11
2019,EU_DMK_UNI,ES212,RO,1.09
2018,EU_DMK_UNI,ES212,RO,1.07
2016,EU_DMK_UNI,ES212,RO,1.04
2015,EU_DMK_UNI,ES212,RO,1.02
2013,EU_DMK_UNI,ES212,RO,1.02
2012,EU_DMK_UNI,ES212,RO,1.01
2011,EU_DMK_UNI,ES212,RO,0.77
2010,EU_DMK_UNI,ES212,RO,0.76
2017,EU_DMK_UNI,ES212,RO,1.04
2013,EU_DMK_POL_AUT,ES212,RO,0.26
2022,EU_DMK_POL_AUT,ES212,RO,0.36
2012,EU_DMK_POL_AUT,ES212,RO,0.26
2011,EU_DMK_POL_AUT,ES212,RO,0.27
2010,EU_DMK_POL_AUT,ES212,RO,0.24
2017,EU_DMK_POL_AUT,ES212,RO,0.26
2015,EU_DMK_POL_AUT,ES212,RO,0.27
2020,EU_DMK_UNI,ES212,RO,1.1
2014,EU_DMK_UNI,ES212,RO,1.01
2021,EU_DMK_POL_AUT,ES212,RO,0.33
2014,EU_DMK_POL_AUT,ES212,RO,0.27
2016,EU_DMK_POL_AUT,ES212,RO,0.27
2018,EU_DMK_POL_AUT,ES212,RO,0.28
2021,EU_DMK_JUST_AUT,,RO,1.55
2012,EU_DMK_JUST_AUT,,RO,1.55
2018,EU_DMK_JUST_AUT,,RO,1.54
2013,EU_DMK_JUST_AUT,,RO,1.54
2016,EU_DMK_JUST_AUT,,RO,1.53
2020,EU_DMK_JUST_AUT,,RO,1.55
2022,EU_DMK_JUST_AUT,,RO,1.54
2015,EU_DMK_JUST_AUT,,RO,1.52
2014,EU_DMK_JUST_AUT,,RO,1.53
2019,EU_DMK_JUST_AUT,,RO,1.54
2011,EU_DMK_JUST_AUT,,RO,1.55
2017,EU_DMK_JUST_AUT,,RO,1.53
2023,EU_DMK_JUST_AUT,,RO,1.54
2010,EU_DMK_JUST_AUT,,RO,1.55
2023,EU_DMK_JUST_AUT,ES211,RO,1.55
2013,EU_DMK_JUST_AUT,ES211,RO,1.58
2020,EU_DMK_JUST_AUT,ES211,RO,1.57
2022,EU_DMK_JUST_AUT,ES211,RO,1.54
2021,EU_DMK_JUST_AUT,ES211,RO,1.58
2017,EU_DMK_JUST_AUT,ES211,RO,1.53
2011,EU_DMK_JUST_AUT,ES211,RO,1.61
2015,EU_DMK_JUST_AUT,ES211,RO,1.54
2014,EU_DMK_JUST_AUT,ES211,RO,1.57
2012,EU_DMK_JUST_AUT,ES211,RO,1.59
2010,EU_DMK_JUST_AUT,ES211,RO,1.59
2016,EU_DMK_JUST_AUT,ES211,RO,1.5
2018,EU_DMK_JUST_AUT,ES211,RO,1.56
2019,EU_DMK_JUST_AUT,ES211,RO,1.58
2023,EU_DMK_JUST_AUT,ES213,RO,1.51
2022,EU_DMK_JUST_AUT,ES213,RO,1.5
2021,EU_DMK_JUST_AUT,ES213,RO,1.51
2019,EU_DMK_JUST_AUT,ES213,RO,1.5
2018,EU_DMK_JUST_AUT,ES213,RO,1.49
2017,EU_DMK_JUST_AUT,ES213,RO,1.5
2015,EU_DMK_JUST_AUT,ES213,RO,1.51
2013,EU_DMK_JUST_AUT,ES213,RO,1.5
2011,EU_DMK_JUST_AUT,ES213,RO,1.5
2012,EU_DMK_JUST_AUT,ES213,RO,1.51
2014,EU_DMK_JUST_AUT,ES213,RO,1.49
2016,EU_DMK_JUST_AUT,ES213,RO,1.51
2020,EU_DMK_JUST_AUT,ES213,RO,1.52
2010,EU_DMK_JUST_AUT,ES213,RO,1.51
2023,EU_DMK_JUST_AUT,ES212,RO,1.6
2020,EU_DMK_JUST_AUT,ES212,RO,1.6
2019,EU_DMK_JUST_AUT,ES212,RO,1.6
2015,EU_DMK_JUST_AUT,ES212,RO,1.55
2014,EU_DMK_JUST_AUT,ES212,RO,1.59
2011,EU_DMK_JUST_AUT,ES212,RO,1.61
2010,EU_DMK_JUST_AUT,ES212,RO,1.6
2012,EU_DMK_JUST_AUT,ES212,RO,1.6
2013,EU_DMK_JUST_AUT,ES212,RO,1.58
2018,EU_DMK_JUST_AUT,ES212,RO,1.6
2021,EU_DMK_JUST_AUT,ES212,RO,1.6
2017,EU_DMK_JUST_AUT,ES212,RO,1.6
2022,EU_DMK_JUST_AUT,ES212,RO,1.62
2016,EU_DMK_JUST_AUT,ES212,RO,1.57
2010,EU_DMK_PSRVC_LOC,,RO,1
2021,EU_DMK_PSRVC_LOC,,RO,1.11
2020,EU_DMK_PSRVC_LOC,,RO,1.11
2023,EU_DMK_PSRVC_LOC,,RO,1.12
2016,EU_DMK_PSRVC_LOC,,RO,1.03
2019,EU_DMK_PSRVC_LOC,,RO,1.09
2011,EU_DMK_PSRVC_LOC,,RO,1
2015,EU_DMK_PSRVC_LOC,,RO,1.01
2012,EU_DMK_PSRVC_LOC,,RO,1
2013,EU_DMK_PSRVC_LOC,,RO,1.01
2014,EU_DMK_PSRVC_LOC,,RO,1
2017,EU_DMK_PSRVC_LOC,,RO,1.07
2022,EU_DMK_PSRVC_LOC,,RO,1.13
2018,EU_DMK_PSRVC_LOC,,RO,1.08
2016,EU_DMK_PSRVC_LOC,ES211,RO,1.24
2019,EU_DMK_PSRVC_LOC,ES211,RO,1.24
2023,EU_DMK_PSRVC_LOC,ES211,RO,1.27
2022,EU_DMK_PSRVC_LOC,ES211,RO,1.28
2020,EU_DMK_PSRVC_LOC,ES211,RO,1.27
2017,EU_DMK_PSRVC_LOC,ES211,RO,1.26
2012,EU_DMK_PSRVC_LOC,ES211,RO,1.22
2010,EU_DMK_PSRVC_LOC,ES211,RO,1.2
2018,EU_DMK_PSRVC_LOC,ES211,RO,1.26
2014,EU_DMK_PSRVC_LOC,ES211,RO,1.23
2021,EU_DMK_PSRVC_LOC,ES211,RO,1.26
2015,EU_DMK_PSRVC_LOC,ES211,RO,1.22
2011,EU_DMK_PSRVC_LOC,ES211,RO,1.17
2013,EU_DMK_PSRVC_LOC,ES211,RO,1.22
2013,EU_DMK_PSRVC_LOC,ES213,RO,0.89
2018,EU_DMK_PSRVC_LOC,ES213,RO,1.02
2023,EU_DMK_PSRVC_LOC,ES213,RO,1.08
2022,EU_DMK_PSRVC_LOC,ES213,RO,1.08
2021,EU_DMK_PSRVC_LOC,ES213,RO,1.06
2019,EU_DMK_PSRVC_LOC,ES213,RO,1.03
2017,EU_DMK_PSRVC_LOC,ES213,RO,1.01
2015,EU_DMK_PSRVC_LOC,ES213,RO,0.9
2014,EU_DMK_PSRVC_LOC,ES213,RO,0.89
2011,EU_DMK_PSRVC_LOC,ES213,RO,0.91
2010,EU_DMK_PSRVC_LOC,ES213,RO,0.9
2012,EU_DMK_PSRVC_LOC,ES213,RO,0.89
2016,EU_DMK_PSRVC_LOC,ES213,RO,0.92
2020,EU_DMK_PSRVC_LOC,ES213,RO,1.05
2012,EU_DMK_PSRVC_LOC,ES212,RO,1.01
2014,EU_DMK_PSRVC_LOC,ES212,RO,1.01
2023,EU_DMK_PSRVC_LOC,ES212,RO,1.09
2022,EU_DMK_PSRVC_LOC,ES212,RO,1.09
2021,EU_DMK_PSRVC_LOC,ES212,RO,1.07
2020,EU_DMK_PSRVC_LOC,ES212,RO,1.07
2019,EU_DMK_PSRVC_LOC,ES212,RO,1.06
2018,EU_DMK_PSRVC_LOC,ES212,RO,1.05
2017,EU_DMK_PSRVC_LOC,ES212,RO,1.04
2016,EU_DMK_PSRVC_LOC,ES212,RO,1.02
2015,EU_DMK_PSRVC_LOC,ES212,RO,1.02
2013,EU_DMK_PSRVC_LOC,ES212,RO,1.03
2011,EU_DMK_PSRVC_LOC,ES212,RO,1.01
2010,EU_DMK_PSRVC_LOC,ES212,RO,1.01
2023,EU_DMK_MUN,,RO,1.05
2020,EU_DMK_MUN,,RO,1.03
2021,EU_DMK_MUN,,RO,1.03
2022,EU_DMK_MUN,,RO,1.05
2023,EU_DMK_MUN,ES211,RO,1.2
2020,EU_DMK_MUN,ES211,RO,1.19
2022,EU_DMK_MUN,ES211,RO,1.22
2021,EU_DMK_MUN,ES211,RO,1.19
2023,EU_DMK_MUN,ES213,RO,1
2022,EU_DMK_MUN,ES213,RO,1
2021,EU_DMK_MUN,ES213,RO,0.97
2020,EU_DMK_MUN,ES213,RO,0.97
2023,EU_DMK_MUN,ES212,RO,1.02
2022,EU_DMK_MUN,ES212,RO,1.03
2021,EU_DMK_MUN,ES212,RO,1.02
2020,EU_DMK_MUN,ES212,RO,1.02
2021,EU_DMK_PSRVC_NAC,,RO,0.64
2010,EU_DMK_PSRVC_NAC,,RO,0.69
2019,EU_DMK_PSRVC_NAC,,RO,0.65
2018,EU_DMK_PSRVC_NAC,,RO,0.65
2014,EU_DMK_PSRVC_NAC,,RO,0.63
2011,EU_DMK_PSRVC_NAC,,RO,0.65
2022,EU_DMK_PSRVC_NAC,,RO,0.65
2016,EU_DMK_PSRVC_NAC,,RO,0.65
2023,EU_DMK_PSRVC_NAC,,RO,0.63
2013,EU_DMK_PSRVC_NAC,,RO,0.63
2020,EU_DMK_PSRVC_NAC,,RO,0.64
2012,EU_DMK_PSRVC_NAC,,RO,0.63
2017,EU_DMK_PSRVC_NAC,,RO,0.65
2015,EU_DMK_PSRVC_NAC,,RO,0.65
2011,EU_DMK_PSRVC_NAC,ES211,RO,0.6
2015,EU_DMK_PSRVC_NAC,ES211,RO,0.56
2018,EU_DMK_PSRVC_NAC,ES211,RO,0.58
2023,EU_DMK_PSRVC_NAC,ES211,RO,0.62
2021,EU_DMK_PSRVC_NAC,ES211,RO,0.57
2020,EU_DMK_PSRVC_NAC,ES211,RO,0.57
2016,EU_DMK_PSRVC_NAC,ES211,RO,0.55
2013,EU_DMK_PSRVC_NAC,ES211,RO,0.57
2010,EU_DMK_PSRVC_NAC,ES211,RO,0.6
2012,EU_DMK_PSRVC_NAC,ES211,RO,0.58
2019,EU_DMK_PSRVC_NAC,ES211,RO,0.58
2014,EU_DMK_PSRVC_NAC,ES211,RO,0.58
2017,EU_DMK_PSRVC_NAC,ES211,RO,0.57
2022,EU_DMK_PSRVC_NAC,ES211,RO,0.61
2018,EU_DMK_PSRVC_NAC,ES213,RO,0.7
2020,EU_DMK_PSRVC_NAC,ES213,RO,0.7
2022,EU_DMK_PSRVC_NAC,ES213,RO,0.7
2023,EU_DMK_PSRVC_NAC,ES213,RO,0.68
2021,EU_DMK_PSRVC_NAC,ES213,RO,0.68
2019,EU_DMK_PSRVC_NAC,ES213,RO,0.69
2014,EU_DMK_PSRVC_NAC,ES213,RO,0.67
2017,EU_DMK_PSRVC_NAC,ES213,RO,0.7
2016,EU_DMK_PSRVC_NAC,ES213,RO,0.7
2015,EU_DMK_PSRVC_NAC,ES213,RO,0.7
2013,EU_DMK_PSRVC_NAC,ES213,RO,0.67
2011,EU_DMK_PSRVC_NAC,ES213,RO,0.69
2010,EU_DMK_PSRVC_NAC,ES213,RO,0.72
2012,EU_DMK_PSRVC_NAC,ES213,RO,0.66
2010,EU_DMK_PSRVC_NAC,ES212,RO,0.68
2013,EU_DMK_PSRVC_NAC,ES212,RO,0.6
2017,EU_DMK_PSRVC_NAC,ES212,RO,0.62
2023,EU_DMK_PSRVC_NAC,ES212,RO,0.57
2021,EU_DMK_PSRVC_NAC,ES212,RO,0.61
2020,EU_DMK_PSRVC_NAC,ES212,RO,0.6
2019,EU_DMK_PSRVC_NAC,ES212,RO,0.63
2016,EU_DMK_PSRVC_NAC,ES212,RO,0.62
2015,EU_DMK_PSRVC_NAC,ES212,RO,0.63
2014,EU_DMK_PSRVC_NAC,ES212,RO,0.61
2012,EU_DMK_PSRVC_NAC,ES212,RO,0.6
2011,EU_DMK_PSRVC_NAC,ES212,RO,0.62
2018,EU_DMK_PSRVC_NAC,ES212,RO,0.62
2022,EU_DMK_PSRVC_NAC,ES212,RO,0.6
2023,EU_DMK_FA,,RO,0.2
2016,EU_DMK_FA,,RO,0.19
2020,EU_DMK_FA,,RO,0.19
2013,EU_DMK_FA,,RO,0.21
2012,EU_DMK_FA,,RO,0.22
2011,EU_DMK_FA,,RO,0.23
2019,EU_DMK_FA,,RO,0.19
2015,EU_DMK_FA,,RO,0.19
2018,EU_DMK_FA,,RO,0.2
2014,EU_DMK_FA,,RO,0.21
2010,EU_DMK_FA,,RO,0.27
2021,EU_DMK_FA,,RO,0.2
2022,EU_DMK_FA,,RO,0.19
2017,EU_DMK_FA,,RO,0.21
2021,EU_DMK_FA,ES211,RO,0.31
2011,EU_DMK_FA,ES211,RO,0.29
2023,EU_DMK_FA,ES211,RO,0.33
2022,EU_DMK_FA,ES211,RO,0.3
2018,EU_DMK_FA,ES211,RO,0.27
2013,EU_DMK_FA,ES211,RO,0.26
2019,EU_DMK_FA,ES211,RO,0.27
2010,EU_DMK_FA,ES211,RO,0.32
2014,EU_DMK_FA,ES211,RO,0.26
2017,EU_DMK_FA,ES211,RO,0.28
2020,EU_DMK_FA,ES211,RO,0.28
2012,EU_DMK_FA,ES211,RO,0.27
2016,EU_DMK_FA,ES211,RO,0.23
2015,EU_DMK_FA,ES211,RO,0.21
2022,EU_DMK_FA,ES213,RO,0.16
2021,EU_DMK_FA,ES213,RO,0.16
2010,EU_DMK_FA,ES213,RO,0.24
2015,EU_DMK_FA,ES213,RO,0.19
2012,EU_DMK_FA,ES213,RO,0.22
2014,EU_DMK_FA,ES213,RO,0.2
2013,EU_DMK_FA,ES213,RO,0.22
2019,EU_DMK_FA,ES213,RO,0.16
2017,EU_DMK_FA,ES213,RO,0.18
2016,EU_DMK_FA,ES213,RO,0.18
2023,EU_DMK_FA,ES213,RO,0.16
2018,EU_DMK_FA,ES213,RO,0.16
2011,EU_DMK_FA,ES213,RO,0.21
2020,EU_DMK_FA,ES213,RO,0.17
2016,EU_DMK_FA,ES212,RO,0.17
2018,EU_DMK_FA,ES212,RO,0.19
2020,EU_DMK_FA,ES212,RO,0.15
2021,EU_DMK_FA,ES212,RO,0.15
2023,EU_DMK_FA,ES212,RO,0.15
2019,EU_DMK_FA,ES212,RO,0.17
2022,EU_DMK_FA,ES212,RO,0.15
2017,EU_DMK_FA,ES212,RO,0.18
2012,EU_DMK_FA,ES212,RO,0.16
2010,EU_DMK_FA,ES212,RO,0.23
2011,EU_DMK_FA,ES212,RO,0.18
2014,EU_DMK_FA,ES212,RO,0.15
2015,EU_DMK_FA,ES212,RO,0.16
2013,EU_DMK_FA,ES212,RO,0.15
2012,EU_DMK_FCSE,,RO,0.19
2022,EU_DMK_FCSE,,RO,0.24
2021,EU_DMK_FCSE,,RO,0.22
2016,EU_DMK_FCSE,,RO,0.21
2018,EU_DMK_FCSE,,RO,0.24
2014,EU_DMK_FCSE,,RO,0.21
2017,EU_DMK_FCSE,,RO,0.17
2015,EU_DMK_FCSE,,RO,0.21
2023,EU_DMK_FCSE,,RO,0.25
2020,EU_DMK_FCSE,,RO,0.21
2013,EU_DMK_FCSE,,RO,0.2
2011,EU_DMK_FCSE,,RO,0.18
2010,EU_DMK_FCSE,,RO,0.16
2019,EU_DMK_FCSE,,RO,0.24
2015,EU_DMK_FCSE,ES211,RO,0.19
2014,EU_DMK_FCSE,ES211,RO,0.2
2011,EU_DMK_FCSE,ES211,RO,0.18
2018,EU_DMK_FCSE,ES211,RO,0.25
2021,EU_DMK_FCSE,ES211,RO,0.2
2020,EU_DMK_FCSE,ES211,RO,0.2
2019,EU_DMK_FCSE,ES211,RO,0.24
2012,EU_DMK_FCSE,ES211,RO,0.2
2010,EU_DMK_FCSE,ES211,RO,0.14
2013,EU_DMK_FCSE,ES211,RO,0.2
2017,EU_DMK_FCSE,ES211,RO,0.19
2022,EU_DMK_FCSE,ES211,RO,0.21
2023,EU_DMK_FCSE,ES211,RO,0.23
2016,EU_DMK_FCSE,ES211,RO,0.19
2018,EU_DMK_FCSE,ES213,RO,0.22
2020,EU_DMK_FCSE,ES213,RO,0.2
2021,EU_DMK_FCSE,ES213,RO,0.21
2019,EU_DMK_FCSE,ES213,RO,0.23
2017,EU_DMK_FCSE,ES213,RO,0.18
2015,EU_DMK_FCSE,ES213,RO,0.19
2012,EU_DMK_FCSE,ES213,RO,0.18
2013,EU_DMK_FCSE,ES213,RO,0.18
2011,EU_DMK_FCSE,ES213,RO,0.16
2010,EU_DMK_FCSE,ES213,RO,0.15
2022,EU_DMK_FCSE,ES213,RO,0.23
2016,EU_DMK_FCSE,ES213,RO,0.19
2023,EU_DMK_FCSE,ES213,RO,0.24
2014,EU_DMK_FCSE,ES213,RO,0.18
2023,EU_DMK_FCSE,ES212,RO,0.28
2021,EU_DMK_FCSE,ES212,RO,0.25
2018,EU_DMK_FCSE,ES212,RO,0.26
2020,EU_DMK_FCSE,ES212,RO,0.24
2019,EU_DMK_FCSE,ES212,RO,0.27
2017,EU_DMK_FCSE,ES212,RO,0.24
2022,EU_DMK_FCSE,ES212,RO,0.27
2012,EU_DMK_FCSE,ES212,RO,0.21
2010,EU_DMK_FCSE,ES212,RO,0.17
2015,EU_DMK_FCSE,ES212,RO,0.24
2014,EU_DMK_FCSE,ES212,RO,0.23
2016,EU_DMK_FCSE,ES212,RO,0.24
2011,EU_DMK_FCSE,ES212,RO,0.2
2013,EU_DMK_FCSE,ES212,RO,0.22
2014,EU_DMK_JUST_NAC,,RO,1.4
2015,EU_DMK_JUST_NAC,,RO,1.4
2016,EU_DMK_JUST_NAC,,RO,1.39
2022,EU_DMK_JUST_NAC,,RO,1.41
2021,EU_DMK_JUST_NAC,,RO,1.4
2013,EU_DMK_JUST_NAC,,RO,1.4
2019,EU_DMK_JUST_NAC,,RO,1.39
2023,EU_DMK_JUST_NAC,,RO,1.55
2017,EU_DMK_JUST_NAC,,RO,1.38
2020,EU_DMK_JUST_NAC,,RO,1.39
2011,EU_DMK_JUST_NAC,,RO,1.41
2012,EU_DMK_JUST_NAC,,RO,1.41
2018,EU_DMK_JUST_NAC,,RO,1.32
2010,EU_DMK_JUST_NAC,,RO,1.46
2018,EU_DMK_JUST_NAC,ES211,RO,1.26
2013,EU_DMK_JUST_NAC,ES211,RO,1.37
2023,EU_DMK_JUST_NAC,ES211,RO,1.7
2014,EU_DMK_JUST_NAC,ES211,RO,1.39
2010,EU_DMK_JUST_NAC,ES211,RO,1.3
2011,EU_DMK_JUST_NAC,ES211,RO,1.32
2012,EU_DMK_JUST_NAC,ES211,RO,1.17
2016,EU_DMK_JUST_NAC,ES211,RO,1.31
2022,EU_DMK_JUST_NAC,ES211,RO,1.41
2019,EU_DMK_JUST_NAC,ES211,RO,1.39
2015,EU_DMK_JUST_NAC,ES211,RO,1.41
2020,EU_DMK_JUST_NAC,ES211,RO,1.37
2017,EU_DMK_JUST_NAC,ES211,RO,1.32
2021,EU_DMK_JUST_NAC,ES211,RO,1.42
2023,EU_DMK_JUST_NAC,ES213,RO,1.57
2022,EU_DMK_JUST_NAC,ES213,RO,1.38
2021,EU_DMK_JUST_NAC,ES213,RO,1.38
2019,EU_DMK_JUST_NAC,ES213,RO,1.37
2018,EU_DMK_JUST_NAC,ES213,RO,1.35
2017,EU_DMK_JUST_NAC,ES213,RO,1.39
2020,EU_DMK_JUST_NAC,ES213,RO,1.43
2016,EU_DMK_JUST_NAC,ES213,RO,1.4
2015,EU_DMK_JUST_NAC,ES213,RO,1.36
2014,EU_DMK_JUST_NAC,ES213,RO,1.44
2013,EU_DMK_JUST_NAC,ES213,RO,1.43
2012,EU_DMK_JUST_NAC,ES213,RO,1.45
2011,EU_DMK_JUST_NAC,ES213,RO,1.4
2010,EU_DMK_JUST_NAC,ES213,RO,1.39
2023,EU_DMK_JUST_NAC,ES212,RO,1.43
2021,EU_DMK_JUST_NAC,ES212,RO,1.43
2018,EU_DMK_JUST_NAC,ES212,RO,1.31
2017,EU_DMK_JUST_NAC,ES212,RO,1.4
2016,EU_DMK_JUST_NAC,ES212,RO,1.42
2015,EU_DMK_JUST_NAC,ES212,RO,1.46
2014,EU_DMK_JUST_NAC,ES212,RO,1.37
2013,EU_DMK_JUST_NAC,ES212,RO,1.37
2022,EU_DMK_JUST_NAC,ES212,RO,1.45
2012,EU_DMK_JUST_NAC,ES212,RO,1.5
2011,EU_DMK_JUST_NAC,ES212,RO,1.5
2020,EU_DMK_JUST_NAC,ES212,RO,1.32
2019,EU_DMK_JUST_NAC,ES212,RO,1.41
2010,EU_DMK_JUST_NAC,ES212,RO,1.61
