Year,Series,Units,Value
2017,EU_LND_REM,HA,1081
2020,EU_LND_REM,HA,1259.46
2016,EU_LND_REM,HA,993
2014,EU_LND_REM,HA,870
2012,EU_LND_REM,HA,660
2021,EU_LND_REM,HA,1406.46
2018,EU_LND_REM,HA,1157
2010,EU_LND_REM,HA,422.54
2013,EU_LND_REM,HA,783
2011,EU_LND_REM,HA,573
2019,EU_LND_REM,HA,1215.46
2015,EU_LND_REM,HA,944
2010,EU_LND_REM_PT,PT,4.58
2011,EU_LND_REM_PT,PT,6.21
2012,EU_LND_REM_PT,PT,7.15
2013,EU_LND_REM_PT,PT,8.35
2015,EU_LND_REM_PT,PT,10
2016,EU_LND_REM_PT,PT,10.91
2020,EU_LND_REM_PT,PT,13.99
2014,EU_LND_REM_PT,PT,9.24
2017,EU_LND_REM_PT,PT,11.37
2018,EU_LND_REM_PT,PT,12.61
2019,EU_LND_REM_PT,PT,13.19
2021,EU_LND_REM_PT,PT,14.58
