Year,Series,Units,Value
2016,EN_MAT_DOMCMPC,T_PER_CAPITA,9.9
2011,EN_MAT_DOMCMPC,T_PER_CAPITA,10.7
2020,EN_MAT_DOMCMPC,T_PER_CAPITA,10.5
2014,EN_MAT_DOMCMPC,T_PER_CAPITA,9
2017,EN_MAT_DOMCMPC,T_PER_CAPITA,12.2
2018,EN_MAT_DOMCMPC,T_PER_CAPITA,13
2013,EN_MAT_DOMCMPC,T_PER_CAPITA,8.3
2012,EN_MAT_DOMCMPC,T_PER_CAPITA,9.7
2010,EN_MAT_DOMCMPC,T_PER_CAPITA,14.2
2019,EN_MAT_DOMCMPC,T_PER_CAPITA,12.6
2015,EN_MAT_DOMCMPC,T_PER_CAPITA,11
2010,EN_MAT_DOMCMPG,T_MILLON_EUR,456.3
2011,EN_MAT_DOMCMPG,T_MILLON_EUR,343.6
2012,EN_MAT_DOMCMPG,T_MILLON_EUR,317.3
2013,EN_MAT_DOMCMPG,T_MILLON_EUR,277.8
2014,EN_MAT_DOMCMPG,T_MILLON_EUR,295.3
2015,EN_MAT_DOMCMPG,T_MILLON_EUR,347.4
2016,EN_MAT_DOMCMPG,T_MILLON_EUR,304
2017,EN_MAT_DOMCMPG,T_MILLON_EUR,366.8
2018,EN_MAT_DOMCMPG,T_MILLON_EUR,379.7
2019,EN_MAT_DOMCMPG,T_MILLON_EUR,359
2020,EN_MAT_DOMCMPG,T_MILLON_EUR,332.6
2011,EN_MAT_DOMCMPT,KT,23308.8
2012,EN_MAT_DOMCMPT,KT,21098.6
2013,EN_MAT_DOMCMPT,KT,18163.8
2010,EN_MAT_DOMCMPT,KT,30845.5
2014,EN_MAT_DOMCMPT,KT,19620
2018,EN_MAT_DOMCMPT,KT,28476.5
2015,EN_MAT_DOMCMPT,KT,23794.7
2016,EN_MAT_DOMCMPT,KT,21507.9
2017,EN_MAT_DOMCMPT,KT,26656.6
2019,EN_MAT_DOMCMPT,KT,27538.3
2020,EN_MAT_DOMCMPT,KT,22964.9
