Year,Series,Territorio,Units,Value
2012,GB_XPD_RSDV,,PT,2.1
2014,GB_XPD_RSDV,,PT,1.9
2022,GB_XPD_RSDV,,PT,2.1
2011,GB_XPD_RSDV,,PT,2
2010,GB_XPD_RSDV,,PT,2
2013,GB_XPD_RSDV,,PT,2
2017,GB_XPD_RSDV,,PT,1.8
2021,GB_XPD_RSDV,,PT,2.1
2020,GB_XPD_RSDV,,PT,2.1
2016,GB_XPD_RSDV,,PT,1.8
2015,GB_XPD_RSDV,,PT,1.9
2018,GB_XPD_RSDV,,PT,1.9
2019,GB_XPD_RSDV,,PT,1.9
2012,GB_XPD_RSDV,ES211,PT,1.6
2018,GB_XPD_RSDV,ES211,PT,1.4
2021,GB_XPD_RSDV,ES211,PT,1.4
2015,GB_XPD_RSDV,ES211,PT,1.5
2014,GB_XPD_RSDV,ES211,PT,1.6
2013,GB_XPD_RSDV,ES211,PT,1.6
2017,GB_XPD_RSDV,ES211,PT,1.4
2020,GB_XPD_RSDV,ES211,PT,1.3
2022,GB_XPD_RSDV,ES211,PT,1.5
2010,GB_XPD_RSDV,ES211,PT,1.6
2011,GB_XPD_RSDV,ES211,PT,1.5
2016,GB_XPD_RSDV,ES211,PT,1.3
2019,GB_XPD_RSDV,ES211,PT,1.2
2016,GB_XPD_RSDV,ES213,PT,1.7
2022,GB_XPD_RSDV,ES213,PT,1.8
2010,GB_XPD_RSDV,ES213,PT,1.9
2013,GB_XPD_RSDV,ES213,PT,1.9
2019,GB_XPD_RSDV,ES213,PT,1.7
2017,GB_XPD_RSDV,ES213,PT,1.7
2015,GB_XPD_RSDV,ES213,PT,1.7
2014,GB_XPD_RSDV,ES213,PT,1.8
2018,GB_XPD_RSDV,ES213,PT,1.7
2021,GB_XPD_RSDV,ES213,PT,1.9
2020,GB_XPD_RSDV,ES213,PT,1.9
2012,GB_XPD_RSDV,ES213,PT,1.9
2011,GB_XPD_RSDV,ES213,PT,1.9
2016,GB_XPD_RSDV,ES212,PT,2.3
2020,GB_XPD_RSDV,ES212,PT,2.6
2012,GB_XPD_RSDV,ES212,PT,2.6
2013,GB_XPD_RSDV,ES212,PT,2.4
2011,GB_XPD_RSDV,ES212,PT,2.5
2015,GB_XPD_RSDV,ES212,PT,2.2
2018,GB_XPD_RSDV,ES212,PT,2.4
2017,GB_XPD_RSDV,ES212,PT,2.4
2019,GB_XPD_RSDV,ES212,PT,2.4
2010,GB_XPD_RSDV,ES212,PT,2.5
2022,GB_XPD_RSDV,ES212,PT,2.7
2021,GB_XPD_RSDV,ES212,PT,2.7
2014,GB_XPD_RSDV,ES212,PT,2.3
