Year,Series,Educacion,Edad,Units,Value
2016,SE_TOT_CPLR,ISCED11_2,Y18T20,PT,95.5
2022,SE_TOT_CPLR,ISCED11_2,Y18T20,PT,94.9
2020,SE_TOT_CPLR,ISCED11_2,Y18T20,PT,99.4
2015,SE_TOT_CPLR,ISCED11_2,Y18T20,PT,94.7
2021,SE_TOT_CPLR,ISCED11_2,Y18T20,PT,98.1
2019,SE_TOT_CPLR,ISCED11_2,Y18T20,PT,97
2018,SE_TOT_CPLR,ISCED11_2,Y18T20,PT,95.2
2017,SE_TOT_CPLR,ISCED11_2,Y18T20,PT,96
2016,SE_TOT_CPLR,ISCED11_3,Y20T22,PT,79.1
2018,SE_TOT_CPLR,ISCED11_3,Y20T22,PT,80.9
2019,SE_TOT_CPLR,ISCED11_3,Y20T22,PT,82.7
2020,SE_TOT_CPLR,ISCED11_3,Y20T22,PT,81.5
2021,SE_TOT_CPLR,ISCED11_3,Y20T22,PT,82.9
2015,SE_TOT_CPLR,ISCED11_3,Y20T22,PT,79.4
2017,SE_TOT_CPLR,ISCED11_3,Y20T22,PT,77.9
2022,SE_TOT_CPLR,ISCED11_3,Y20T22,PT,84.7
