Year,Series,Sexo,Territorio,Units,Value
2010,SH_STA_POISN,,ES211,PER_100000_POP,0.9
2018,SH_STA_POISN,,ES211,PER_100000_POP,2.4
2021,SH_STA_POISN,,ES211,PER_100000_POP,1.5
2013,SH_STA_POISN,,ES213,PER_100000_POP,1.8
2014,SH_STA_POISN,,ES212,PER_100000_POP,1.7
2020,SH_STA_POISN,,ES213,PER_100000_POP,2
2013,SH_STA_POISN,,ES211,PER_100000_POP,0.9
2011,SH_STA_POISN,,ES212,PER_100000_POP,1
2021,SH_STA_POISN,,ES213,PER_100000_POP,1.8
2016,SH_STA_POISN,,ES212,PER_100000_POP,2.2
2017,SH_STA_POISN,,ES212,PER_100000_POP,1.7
2020,SH_STA_POISN,,ES211,PER_100000_POP,2.7
2012,SH_STA_POISN,,ES211,PER_100000_POP,0.6
2010,SH_STA_POISN,,ES213,PER_100000_POP,1.9
2013,SH_STA_POISN,,ES212,PER_100000_POP,1.7
2022,SH_STA_POISN,,ES211,PER_100000_POP,1.8
2015,SH_STA_POISN,,ES213,PER_100000_POP,1.8
2021,SH_STA_POISN,,ES212,PER_100000_POP,1.8
2011,SH_STA_POISN,,ES213,PER_100000_POP,1.6
2014,SH_STA_POISN,,ES211,PER_100000_POP,2.2
2019,SH_STA_POISN,,ES211,PER_100000_POP,1.5
2016,SH_STA_POISN,,ES213,PER_100000_POP,1.8
2022,SH_STA_POISN,,ES213,PER_100000_POP,2.1
2022,SH_STA_POISN,,ES212,PER_100000_POP,1.5
2017,SH_STA_POISN,,ES211,PER_100000_POP,1.8
2020,SH_STA_POISN,,ES212,PER_100000_POP,1
2016,SH_STA_POISN,,ES211,PER_100000_POP,0.9
2015,SH_STA_POISN,,ES211,PER_100000_POP,1.9
2010,SH_STA_POISN,,ES212,PER_100000_POP,0.6
2019,SH_STA_POISN,,ES212,PER_100000_POP,1.8
2019,SH_STA_POISN,,ES213,PER_100000_POP,1.6
2012,SH_STA_POISN,,ES213,PER_100000_POP,1.8
2014,SH_STA_POISN,,ES213,PER_100000_POP,1.8
2017,SH_STA_POISN,,ES213,PER_100000_POP,2.2
2018,SH_STA_POISN,,ES213,PER_100000_POP,1.4
2011,SH_STA_POISN,,ES211,PER_100000_POP,0.6
2015,SH_STA_POISN,,ES212,PER_100000_POP,1.1
2012,SH_STA_POISN,,ES212,PER_100000_POP,0.4
2018,SH_STA_POISN,,ES212,PER_100000_POP,1
2021,SH_STA_POISN,,,PER_100000_POP,1.8
2011,SH_STA_POISN,,,PER_100000_POP,1.3
2012,SH_STA_POISN,,,PER_100000_POP,1.2
2014,SH_STA_POISN,,,PER_100000_POP,1.8
2022,SH_STA_POISN,,,PER_100000_POP,1.9
2020,SH_STA_POISN,,,PER_100000_POP,1.8
2018,SH_STA_POISN,,,PER_100000_POP,1.4
2017,SH_STA_POISN,,,PER_100000_POP,2
2013,SH_STA_POISN,,,PER_100000_POP,1.7
2016,SH_STA_POISN,,,PER_100000_POP,1.8
2010,SH_STA_POISN,,,PER_100000_POP,1.3
2019,SH_STA_POISN,,,PER_100000_POP,1.5
2015,SH_STA_POISN,,,PER_100000_POP,1.6
2020,SH_STA_POISN,,,PER_100000_POP,1.8
2016,SH_STA_POISN,,,PER_100000_POP,1.8
2021,SH_STA_POISN,,,PER_100000_POP,1.8
2014,SH_STA_POISN,,,PER_100000_POP,1.8
2011,SH_STA_POISN,,,PER_100000_POP,1.3
2019,SH_STA_POISN,,,PER_100000_POP,1.5
2012,SH_STA_POISN,,,PER_100000_POP,1.2
2018,SH_STA_POISN,,,PER_100000_POP,1.4
2013,SH_STA_POISN,,,PER_100000_POP,1.7
2010,SH_STA_POISN,,,PER_100000_POP,1.3
2017,SH_STA_POISN,,,PER_100000_POP,2
2022,SH_STA_POISN,,,PER_100000_POP,1.9
2015,SH_STA_POISN,,,PER_100000_POP,1.6
2021,SH_STA_POISN,,,PER_100000_POP,1.8
2020,SH_STA_POISN,,,PER_100000_POP,1.8
2010,SH_STA_POISN,,,PER_100000_POP,1.3
2011,SH_STA_POISN,,,PER_100000_POP,1.3
2013,SH_STA_POISN,,,PER_100000_POP,1.7
2018,SH_STA_POISN,,,PER_100000_POP,1.4
2017,SH_STA_POISN,,,PER_100000_POP,2
2015,SH_STA_POISN,,,PER_100000_POP,1.6
2022,SH_STA_POISN,,,PER_100000_POP,1.9
2014,SH_STA_POISN,,,PER_100000_POP,1.8
2016,SH_STA_POISN,,,PER_100000_POP,1.8
2012,SH_STA_POISN,,,PER_100000_POP,1.2
2019,SH_STA_POISN,,,PER_100000_POP,1.5
2022,SH_STA_POISN,,,PER_100000_POP,1.9
2014,SH_STA_POISN,,,PER_100000_POP,1.8
2016,SH_STA_POISN,,,PER_100000_POP,1.8
2015,SH_STA_POISN,,,PER_100000_POP,1.6
2017,SH_STA_POISN,,,PER_100000_POP,2
2021,SH_STA_POISN,,,PER_100000_POP,1.8
2020,SH_STA_POISN,,,PER_100000_POP,1.8
2010,SH_STA_POISN,,,PER_100000_POP,1.3
2011,SH_STA_POISN,,,PER_100000_POP,1.3
2019,SH_STA_POISN,,,PER_100000_POP,1.5
2013,SH_STA_POISN,,,PER_100000_POP,1.7
2012,SH_STA_POISN,,,PER_100000_POP,1.2
2018,SH_STA_POISN,,,PER_100000_POP,1.4
2016,SH_STA_POISN,F,ES213,PER_100000_POP,0.8
2012,SH_STA_POISN,F,ES213,PER_100000_POP,0.7
2021,SH_STA_POISN,F,ES213,PER_100000_POP,1.5
2016,SH_STA_POISN,F,,PER_100000_POP,1.3
2018,SH_STA_POISN,F,ES213,PER_100000_POP,1
2013,SH_STA_POISN,F,ES211,PER_100000_POP,0
2018,SH_STA_POISN,F,,PER_100000_POP,1.3
2020,SH_STA_POISN,F,ES213,PER_100000_POP,0.8
2012,SH_STA_POISN,F,,PER_100000_POP,0.4
2022,SH_STA_POISN,F,ES213,PER_100000_POP,1.4
2011,SH_STA_POISN,F,,PER_100000_POP,0.4
2013,SH_STA_POISN,F,,PER_100000_POP,0.4
2015,SH_STA_POISN,F,,PER_100000_POP,1.2
2020,SH_STA_POISN,F,,PER_100000_POP,1
2017,SH_STA_POISN,F,,PER_100000_POP,0.8
2014,SH_STA_POISN,F,ES212,PER_100000_POP,1.4
2019,SH_STA_POISN,F,,PER_100000_POP,0.8
2021,SH_STA_POISN,F,,PER_100000_POP,1.2
2011,SH_STA_POISN,F,ES211,PER_100000_POP,0
2010,SH_STA_POISN,F,ES211,PER_100000_POP,1.3
2017,SH_STA_POISN,F,ES211,PER_100000_POP,1.2
2011,SH_STA_POISN,F,ES213,PER_100000_POP,0.7
2019,SH_STA_POISN,F,ES213,PER_100000_POP,0.8
2012,SH_STA_POISN,F,ES211,PER_100000_POP,0
2015,SH_STA_POISN,F,ES211,PER_100000_POP,1.8
2016,SH_STA_POISN,F,ES212,PER_100000_POP,1.9
2022,SH_STA_POISN,F,ES211,PER_100000_POP,2.4
2014,SH_STA_POISN,F,ES211,PER_100000_POP,1.2
2016,SH_STA_POISN,F,ES211,PER_100000_POP,1.2
2019,SH_STA_POISN,F,ES211,PER_100000_POP,0.6
2012,SH_STA_POISN,F,ES212,PER_100000_POP,0.3
2011,SH_STA_POISN,F,ES212,PER_100000_POP,0.3
2022,SH_STA_POISN,F,,PER_100000_POP,1.6
2010,SH_STA_POISN,F,ES212,PER_100000_POP,0.3
2020,SH_STA_POISN,F,ES211,PER_100000_POP,1.2
2018,SH_STA_POISN,F,ES211,PER_100000_POP,3
2013,SH_STA_POISN,F,ES212,PER_100000_POP,0.6
2015,SH_STA_POISN,F,ES213,PER_100000_POP,1.5
2014,SH_STA_POISN,F,,PER_100000_POP,1.2
2018,SH_STA_POISN,F,ES212,PER_100000_POP,1.1
2017,SH_STA_POISN,F,ES212,PER_100000_POP,0.5
2021,SH_STA_POISN,F,ES211,PER_100000_POP,0
2015,SH_STA_POISN,F,ES212,PER_100000_POP,0.3
2020,SH_STA_POISN,F,ES212,PER_100000_POP,1.1
2014,SH_STA_POISN,F,ES213,PER_100000_POP,1
2013,SH_STA_POISN,F,ES213,PER_100000_POP,0.3
2017,SH_STA_POISN,F,ES213,PER_100000_POP,0.8
2019,SH_STA_POISN,F,ES212,PER_100000_POP,0.8
2010,SH_STA_POISN,F,ES213,PER_100000_POP,0.8
2010,SH_STA_POISN,F,,PER_100000_POP,0.7
2022,SH_STA_POISN,F,ES212,PER_100000_POP,1.6
2021,SH_STA_POISN,F,ES212,PER_100000_POP,1.4
2013,SH_STA_POISN,M,ES212,PER_100000_POP,2.9
2014,SH_STA_POISN,M,ES212,PER_100000_POP,2
2020,SH_STA_POISN,M,ES212,PER_100000_POP,0.9
2018,SH_STA_POISN,M,ES213,PER_100000_POP,1.8
2019,SH_STA_POISN,M,ES211,PER_100000_POP,2.5
2014,SH_STA_POISN,M,,PER_100000_POP,2.5
2021,SH_STA_POISN,M,ES213,PER_100000_POP,2.2
2021,SH_STA_POISN,M,ES211,PER_100000_POP,3.1
2020,SH_STA_POISN,M,ES213,PER_100000_POP,3.3
2013,SH_STA_POISN,M,ES211,PER_100000_POP,1.9
2015,SH_STA_POISN,M,ES212,PER_100000_POP,2
2012,SH_STA_POISN,M,,PER_100000_POP,2
2014,SH_STA_POISN,M,ES211,PER_100000_POP,3.1
2022,SH_STA_POISN,M,ES213,PER_100000_POP,2.9
2010,SH_STA_POISN,M,ES211,PER_100000_POP,0.6
2011,SH_STA_POISN,M,ES211,PER_100000_POP,1.3
2017,SH_STA_POISN,M,ES211,PER_100000_POP,2.5
2018,SH_STA_POISN,M,ES212,PER_100000_POP,0.9
2015,SH_STA_POISN,M,ES213,PER_100000_POP,2.2
2013,SH_STA_POISN,M,,PER_100000_POP,3
2020,SH_STA_POISN,M,ES211,PER_100000_POP,4.3
2016,SH_STA_POISN,M,,PER_100000_POP,2.4
2015,SH_STA_POISN,M,,PER_100000_POP,2.1
2019,SH_STA_POISN,M,ES212,PER_100000_POP,2.8
2012,SH_STA_POISN,M,ES212,PER_100000_POP,0.6
2015,SH_STA_POISN,M,ES211,PER_100000_POP,1.9
2022,SH_STA_POISN,M,,PER_100000_POP,2.2
2017,SH_STA_POISN,M,,PER_100000_POP,3.2
2012,SH_STA_POISN,M,ES211,PER_100000_POP,1.3
2020,SH_STA_POISN,M,,PER_100000_POP,2.6
2019,SH_STA_POISN,M,,PER_100000_POP,2.5
2021,SH_STA_POISN,M,ES212,PER_100000_POP,2.3
2022,SH_STA_POISN,M,ES212,PER_100000_POP,1.4
2011,SH_STA_POISN,M,,PER_100000_POP,2.2
2011,SH_STA_POISN,M,ES213,PER_100000_POP,2.7
2021,SH_STA_POISN,M,,PER_100000_POP,2.4
2017,SH_STA_POISN,M,ES212,PER_100000_POP,2.9
2022,SH_STA_POISN,M,ES211,PER_100000_POP,1.2
2010,SH_STA_POISN,M,ES213,PER_100000_POP,3
2018,SH_STA_POISN,M,ES211,PER_100000_POP,1.9
2010,SH_STA_POISN,M,ES212,PER_100000_POP,0.9
2010,SH_STA_POISN,M,,PER_100000_POP,2
2018,SH_STA_POISN,M,,PER_100000_POP,1.5
2016,SH_STA_POISN,M,ES211,PER_100000_POP,0.6
2012,SH_STA_POISN,M,ES213,PER_100000_POP,3.1
2013,SH_STA_POISN,M,ES213,PER_100000_POP,3.4
2011,SH_STA_POISN,M,ES212,PER_100000_POP,1.7
2014,SH_STA_POISN,M,ES213,PER_100000_POP,2.5
2017,SH_STA_POISN,M,ES213,PER_100000_POP,3.6
2019,SH_STA_POISN,M,ES213,PER_100000_POP,2.4
2016,SH_STA_POISN,M,ES212,PER_100000_POP,2.6
2016,SH_STA_POISN,M,ES213,PER_100000_POP,2.7
