Year,Vacuna,Units,Value
2020,SH_ACS_DTP3,PT,85.5
2018,SH_ACS_DTP3,PT,92.5
2022,SH_ACS_DTP3,PT,91.7
2017,SH_ACS_DTP3,PT,93
2021,SH_ACS_DTP3,PT,90.8
2019,SH_ACS_DTP3,PT,93.1
2018,SH_ACS_PCV3,PT,91.3
2019,SH_ACS_PCV3,PT,93.3
2020,SH_ACS_PCV3,PT,85.4
2021,SH_ACS_PCV3,PT,90.6
2022,SH_ACS_PCV3,PT,90.9
2017,SH_ACS_PCV3,PT,88.3
2017,SH_ACS_MCV2,PT,94.7
2018,SH_ACS_MCV2,PT,93.5
2019,SH_ACS_MCV2,PT,94.2
2020,SH_ACS_MCV2,PT,90.2
2021,SH_ACS_MCV2,PT,83.3
2022,SH_ACS_MCV2,PT,88.4
2017,SH_ACS_HPV,PT,93.4
2018,SH_ACS_HPV,PT,92.6
2019,SH_ACS_HPV,PT,85.5
2020,SH_ACS_HPV,PT,88.5
2021,SH_ACS_HPV,PT,69.1
