Year,Series,NCD,Sexo,Territorio,Units,Value
2019,SH_DTH_NCOM,NCOM,,,PT,9.6
2015,SH_DTH_NCOM,NCOM,,,PT,10.3
2010,SH_DTH_NCOM,NCOM,,,PT,11
2015,SH_DTH_NCOM,NCOM,F,,PT,6.6
2010,SH_DTH_NCOM,NCOM,F,,PT,6.7
2019,SH_DTH_NCOM,NCOM,F,,PT,6.5
2019,SH_DTH_NCOM,NCOM,M,,PT,12.8
2015,SH_DTH_NCOM,NCOM,M,,PT,14
2010,SH_DTH_NCOM,NCOM,M,,PT,15.4
2017,EU_SH_DTH_NCOM,NCOM,,,PER_100000_POP,647.2
2018,EU_SH_DTH_NCOM,NCOM,,,PER_100000_POP,648.9
2022,EU_SH_DTH_NCOM,NCOM,,,PER_100000_POP,625.9
2021,EU_SH_DTH_NCOM,NCOM,,,PER_100000_POP,622.4
2012,EU_SH_DTH_NCOM,NCOM,,,PER_100000_POP,628.5
2011,EU_SH_DTH_NCOM,NCOM,,,PER_100000_POP,626.2
2014,EU_SH_DTH_NCOM,NCOM,,,PER_100000_POP,620.7
2015,EU_SH_DTH_NCOM,NCOM,,,PER_100000_POP,651.4
2010,EU_SH_DTH_NCOM,NCOM,,,PER_100000_POP,616.2
2016,EU_SH_DTH_NCOM,NCOM,,,PER_100000_POP,641.2
2019,EU_SH_DTH_NCOM,NCOM,,,PER_100000_POP,631.2
2013,EU_SH_DTH_NCOM,NCOM,,,PER_100000_POP,613
2020,EU_SH_DTH_NCOM,NCOM,,,PER_100000_POP,607.8
2011,EU_SH_DTH_NCOM,NCOM,,ES211,PER_100000_POP,539.2
2014,EU_SH_DTH_NCOM,NCOM,,ES211,PER_100000_POP,496.1
2016,EU_SH_DTH_NCOM,NCOM,,ES211,PER_100000_POP,553.9
2012,EU_SH_DTH_NCOM,NCOM,,ES211,PER_100000_POP,524.5
2013,EU_SH_DTH_NCOM,NCOM,,ES211,PER_100000_POP,546.6
2020,EU_SH_DTH_NCOM,NCOM,,ES211,PER_100000_POP,491.8
2017,EU_SH_DTH_NCOM,NCOM,,ES211,PER_100000_POP,567.5
2022,EU_SH_DTH_NCOM,NCOM,,ES211,PER_100000_POP,538.1
2015,EU_SH_DTH_NCOM,NCOM,,ES211,PER_100000_POP,574.1
2021,EU_SH_DTH_NCOM,NCOM,,ES211,PER_100000_POP,536.3
2019,EU_SH_DTH_NCOM,NCOM,,ES211,PER_100000_POP,546.4
2018,EU_SH_DTH_NCOM,NCOM,,ES211,PER_100000_POP,538.3
2010,EU_SH_DTH_NCOM,NCOM,,ES211,PER_100000_POP,521
2010,EU_SH_DTH_NCOM,NCOM,,ES213,PER_100000_POP,654.2
2014,EU_SH_DTH_NCOM,NCOM,,ES213,PER_100000_POP,669
2016,EU_SH_DTH_NCOM,NCOM,,ES213,PER_100000_POP,689.2
2011,EU_SH_DTH_NCOM,NCOM,,ES213,PER_100000_POP,662.9
2020,EU_SH_DTH_NCOM,NCOM,,ES213,PER_100000_POP,651
2012,EU_SH_DTH_NCOM,NCOM,,ES213,PER_100000_POP,669.6
2022,EU_SH_DTH_NCOM,NCOM,,ES213,PER_100000_POP,659.6
2015,EU_SH_DTH_NCOM,NCOM,,ES213,PER_100000_POP,696.8
2019,EU_SH_DTH_NCOM,NCOM,,ES213,PER_100000_POP,676.6
2017,EU_SH_DTH_NCOM,NCOM,,ES213,PER_100000_POP,684.1
2021,EU_SH_DTH_NCOM,NCOM,,ES213,PER_100000_POP,648
2013,EU_SH_DTH_NCOM,NCOM,,ES213,PER_100000_POP,642.3
2018,EU_SH_DTH_NCOM,NCOM,,ES213,PER_100000_POP,691
2011,EU_SH_DTH_NCOM,NCOM,,ES212,PER_100000_POP,605.6
2021,EU_SH_DTH_NCOM,NCOM,,ES212,PER_100000_POP,621.2
2013,EU_SH_DTH_NCOM,NCOM,,ES212,PER_100000_POP,595.4
2019,EU_SH_DTH_NCOM,NCOM,,ES212,PER_100000_POP,597.6
2014,EU_SH_DTH_NCOM,NCOM,,ES212,PER_100000_POP,599.2
2012,EU_SH_DTH_NCOM,NCOM,,ES212,PER_100000_POP,608.3
2015,EU_SH_DTH_NCOM,NCOM,,ES212,PER_100000_POP,613.5
2020,EU_SH_DTH_NCOM,NCOM,,ES212,PER_100000_POP,592.1
2017,EU_SH_DTH_NCOM,NCOM,,ES212,PER_100000_POP,624.4
2010,EU_SH_DTH_NCOM,NCOM,,ES212,PER_100000_POP,596.9
2022,EU_SH_DTH_NCOM,NCOM,,ES212,PER_100000_POP,613
2016,EU_SH_DTH_NCOM,NCOM,,ES212,PER_100000_POP,603.6
2018,EU_SH_DTH_NCOM,NCOM,,ES212,PER_100000_POP,631.8
2017,EU_SH_DTH_NCOM,NCOM,F,,PER_100000_POP,581.7
2021,EU_SH_DTH_NCOM,NCOM,F,,PER_100000_POP,566.5
2020,EU_SH_DTH_NCOM,NCOM,F,,PER_100000_POP,550.5
2010,EU_SH_DTH_NCOM,NCOM,F,,PER_100000_POP,536.9
2014,EU_SH_DTH_NCOM,NCOM,F,,PER_100000_POP,556
2015,EU_SH_DTH_NCOM,NCOM,F,,PER_100000_POP,586.7
2013,EU_SH_DTH_NCOM,NCOM,F,,PER_100000_POP,538.5
2022,EU_SH_DTH_NCOM,NCOM,F,,PER_100000_POP,573.5
2018,EU_SH_DTH_NCOM,NCOM,F,,PER_100000_POP,580.4
2011,EU_SH_DTH_NCOM,NCOM,F,,PER_100000_POP,553
2019,EU_SH_DTH_NCOM,NCOM,F,,PER_100000_POP,567
2016,EU_SH_DTH_NCOM,NCOM,F,,PER_100000_POP,572.1
2012,EU_SH_DTH_NCOM,NCOM,F,,PER_100000_POP,554.2
2019,EU_SH_DTH_NCOM,NCOM,F,ES211,PER_100000_POP,471.7
2016,EU_SH_DTH_NCOM,NCOM,F,ES211,PER_100000_POP,468.7
2014,EU_SH_DTH_NCOM,NCOM,F,ES211,PER_100000_POP,437.9
2011,EU_SH_DTH_NCOM,NCOM,F,ES211,PER_100000_POP,453
2021,EU_SH_DTH_NCOM,NCOM,F,ES211,PER_100000_POP,464.5
2018,EU_SH_DTH_NCOM,NCOM,F,ES211,PER_100000_POP,448.8
2010,EU_SH_DTH_NCOM,NCOM,F,ES211,PER_100000_POP,453.1
2020,EU_SH_DTH_NCOM,NCOM,F,ES211,PER_100000_POP,426.3
2013,EU_SH_DTH_NCOM,NCOM,F,ES211,PER_100000_POP,470.1
2022,EU_SH_DTH_NCOM,NCOM,F,ES211,PER_100000_POP,498.7
2017,EU_SH_DTH_NCOM,NCOM,F,ES211,PER_100000_POP,500.8
2012,EU_SH_DTH_NCOM,NCOM,F,ES211,PER_100000_POP,454.1
2015,EU_SH_DTH_NCOM,NCOM,F,ES211,PER_100000_POP,526.7
2016,EU_SH_DTH_NCOM,NCOM,F,ES213,PER_100000_POP,620.9
2021,EU_SH_DTH_NCOM,NCOM,F,ES213,PER_100000_POP,591.7
2022,EU_SH_DTH_NCOM,NCOM,F,ES213,PER_100000_POP,607
2014,EU_SH_DTH_NCOM,NCOM,F,ES213,PER_100000_POP,605
2010,EU_SH_DTH_NCOM,NCOM,F,ES213,PER_100000_POP,563.5
2020,EU_SH_DTH_NCOM,NCOM,F,ES213,PER_100000_POP,594.9
2019,EU_SH_DTH_NCOM,NCOM,F,ES213,PER_100000_POP,601.9
2017,EU_SH_DTH_NCOM,NCOM,F,ES213,PER_100000_POP,614.1
2018,EU_SH_DTH_NCOM,NCOM,F,ES213,PER_100000_POP,620.5
2011,EU_SH_DTH_NCOM,NCOM,F,ES213,PER_100000_POP,583.9
2012,EU_SH_DTH_NCOM,NCOM,F,ES213,PER_100000_POP,587.6
2013,EU_SH_DTH_NCOM,NCOM,F,ES213,PER_100000_POP,564.5
2015,EU_SH_DTH_NCOM,NCOM,F,ES213,PER_100000_POP,619.1
2014,EU_SH_DTH_NCOM,NCOM,F,ES212,PER_100000_POP,528.7
2015,EU_SH_DTH_NCOM,NCOM,F,ES212,PER_100000_POP,560.7
2020,EU_SH_DTH_NCOM,NCOM,F,ES212,PER_100000_POP,535.3
2013,EU_SH_DTH_NCOM,NCOM,F,ES212,PER_100000_POP,526.4
2017,EU_SH_DTH_NCOM,NCOM,F,ES212,PER_100000_POP,565.7
2011,EU_SH_DTH_NCOM,NCOM,F,ES212,PER_100000_POP,546.6
2021,EU_SH_DTH_NCOM,NCOM,F,ES212,PER_100000_POP,572.4
2012,EU_SH_DTH_NCOM,NCOM,F,ES212,PER_100000_POP,543.8
2019,EU_SH_DTH_NCOM,NCOM,F,ES212,PER_100000_POP,554
2010,EU_SH_DTH_NCOM,NCOM,F,ES212,PER_100000_POP,530
2018,EU_SH_DTH_NCOM,NCOM,F,ES212,PER_100000_POP,575.1
2016,EU_SH_DTH_NCOM,NCOM,F,ES212,PER_100000_POP,539.6
2022,EU_SH_DTH_NCOM,NCOM,F,ES212,PER_100000_POP,553.8
2017,EU_SH_DTH_NCOM,NCOM,M,,PER_100000_POP,716.5
2015,EU_SH_DTH_NCOM,NCOM,M,,PER_100000_POP,719.8
2011,EU_SH_DTH_NCOM,NCOM,M,,PER_100000_POP,702.9
2019,EU_SH_DTH_NCOM,NCOM,M,,PER_100000_POP,699.3
2020,EU_SH_DTH_NCOM,NCOM,M,,PER_100000_POP,668.5
2010,EU_SH_DTH_NCOM,NCOM,M,,PER_100000_POP,699.3
2014,EU_SH_DTH_NCOM,NCOM,M,,PER_100000_POP,689.1
2016,EU_SH_DTH_NCOM,NCOM,M,,PER_100000_POP,714
2013,EU_SH_DTH_NCOM,NCOM,M,,PER_100000_POP,691.4
2012,EU_SH_DTH_NCOM,NCOM,M,,PER_100000_POP,706.3
2021,EU_SH_DTH_NCOM,NCOM,M,,PER_100000_POP,681.7
2018,EU_SH_DTH_NCOM,NCOM,M,,PER_100000_POP,721.4
2022,EU_SH_DTH_NCOM,NCOM,M,,PER_100000_POP,681.6
2017,EU_SH_DTH_NCOM,NCOM,M,ES211,PER_100000_POP,636.3
2012,EU_SH_DTH_NCOM,NCOM,M,ES211,PER_100000_POP,595.7
2021,EU_SH_DTH_NCOM,NCOM,M,ES211,PER_100000_POP,610.6
2018,EU_SH_DTH_NCOM,NCOM,M,ES211,PER_100000_POP,630.8
2020,EU_SH_DTH_NCOM,NCOM,M,ES211,PER_100000_POP,559.6
2019,EU_SH_DTH_NCOM,NCOM,M,ES211,PER_100000_POP,623.6
2011,EU_SH_DTH_NCOM,NCOM,M,ES211,PER_100000_POP,626
2010,EU_SH_DTH_NCOM,NCOM,M,ES211,PER_100000_POP,589.2
2015,EU_SH_DTH_NCOM,NCOM,M,ES211,PER_100000_POP,622.7
2013,EU_SH_DTH_NCOM,NCOM,M,ES211,PER_100000_POP,624.5
2022,EU_SH_DTH_NCOM,NCOM,M,ES211,PER_100000_POP,579
2014,EU_SH_DTH_NCOM,NCOM,M,ES211,PER_100000_POP,555.5
2016,EU_SH_DTH_NCOM,NCOM,M,ES211,PER_100000_POP,641.5
2011,EU_SH_DTH_NCOM,NCOM,M,ES213,PER_100000_POP,747.2
2010,EU_SH_DTH_NCOM,NCOM,M,ES213,PER_100000_POP,750.8
2016,EU_SH_DTH_NCOM,NCOM,M,ES213,PER_100000_POP,762.8
2021,EU_SH_DTH_NCOM,NCOM,M,ES213,PER_100000_POP,708.7
2013,EU_SH_DTH_NCOM,NCOM,M,ES213,PER_100000_POP,725.7
2015,EU_SH_DTH_NCOM,NCOM,M,ES213,PER_100000_POP,780.4
2012,EU_SH_DTH_NCOM,NCOM,M,ES213,PER_100000_POP,757.3
2014,EU_SH_DTH_NCOM,NCOM,M,ES213,PER_100000_POP,738
2017,EU_SH_DTH_NCOM,NCOM,M,ES213,PER_100000_POP,759.5
2022,EU_SH_DTH_NCOM,NCOM,M,ES213,PER_100000_POP,716.3
2020,EU_SH_DTH_NCOM,NCOM,M,ES213,PER_100000_POP,711.4
2019,EU_SH_DTH_NCOM,NCOM,M,ES213,PER_100000_POP,757.1
2018,EU_SH_DTH_NCOM,NCOM,M,ES213,PER_100000_POP,767.2
2021,EU_SH_DTH_NCOM,NCOM,M,ES212,PER_100000_POP,672.4
2012,EU_SH_DTH_NCOM,NCOM,M,ES212,PER_100000_POP,675.4
2010,EU_SH_DTH_NCOM,NCOM,M,ES212,PER_100000_POP,666.4
2019,EU_SH_DTH_NCOM,NCOM,M,ES212,PER_100000_POP,643.3
2017,EU_SH_DTH_NCOM,NCOM,M,ES212,PER_100000_POP,685.7
2018,EU_SH_DTH_NCOM,NCOM,M,ES212,PER_100000_POP,691.1
2011,EU_SH_DTH_NCOM,NCOM,M,ES212,PER_100000_POP,666.9
2013,EU_SH_DTH_NCOM,NCOM,M,ES212,PER_100000_POP,667.2
2020,EU_SH_DTH_NCOM,NCOM,M,ES212,PER_100000_POP,651.5
2022,EU_SH_DTH_NCOM,NCOM,M,ES212,PER_100000_POP,675
2014,EU_SH_DTH_NCOM,NCOM,M,ES212,PER_100000_POP,672.6
2016,EU_SH_DTH_NCOM,NCOM,M,ES212,PER_100000_POP,670.5
2015,EU_SH_DTH_NCOM,NCOM,M,ES212,PER_100000_POP,668.6
2019,EU_SH_DTH_NCOM,CARDIO,,,PER_100000_POP,256.3
2010,EU_SH_DTH_NCOM,CARDIO,,,PER_100000_POP,261.3
2011,EU_SH_DTH_NCOM,CARDIO,,,PER_100000_POP,259.7
2018,EU_SH_DTH_NCOM,CARDIO,,,PER_100000_POP,265
2017,EU_SH_DTH_NCOM,CARDIO,,,PER_100000_POP,264.6
2014,EU_SH_DTH_NCOM,CARDIO,,,PER_100000_POP,248.1
2016,EU_SH_DTH_NCOM,CARDIO,,,PER_100000_POP,263.8
2022,EU_SH_DTH_NCOM,CARDIO,,,PER_100000_POP,263.1
2015,EU_SH_DTH_NCOM,CARDIO,,,PER_100000_POP,266.4
2020,EU_SH_DTH_NCOM,CARDIO,,,PER_100000_POP,255.5
2012,EU_SH_DTH_NCOM,CARDIO,,,PER_100000_POP,263.2
2013,EU_SH_DTH_NCOM,CARDIO,,,PER_100000_POP,248.6
2021,EU_SH_DTH_NCOM,CARDIO,,,PER_100000_POP,270.2
2013,EU_SH_DTH_NCOM,CARDIO,,ES211,PER_100000_POP,206.2
2017,EU_SH_DTH_NCOM,CARDIO,,ES211,PER_100000_POP,213.2
2018,EU_SH_DTH_NCOM,CARDIO,,ES211,PER_100000_POP,209.3
2015,EU_SH_DTH_NCOM,CARDIO,,ES211,PER_100000_POP,220.1
2012,EU_SH_DTH_NCOM,CARDIO,,ES211,PER_100000_POP,207.1
2019,EU_SH_DTH_NCOM,CARDIO,,ES211,PER_100000_POP,204.2
2010,EU_SH_DTH_NCOM,CARDIO,,ES211,PER_100000_POP,216.1
2014,EU_SH_DTH_NCOM,CARDIO,,ES211,PER_100000_POP,191.6
2020,EU_SH_DTH_NCOM,CARDIO,,ES211,PER_100000_POP,190.5
2016,EU_SH_DTH_NCOM,CARDIO,,ES211,PER_100000_POP,218.3
2022,EU_SH_DTH_NCOM,CARDIO,,ES211,PER_100000_POP,218.9
2011,EU_SH_DTH_NCOM,CARDIO,,ES211,PER_100000_POP,201.4
2021,EU_SH_DTH_NCOM,CARDIO,,ES211,PER_100000_POP,217.6
2012,EU_SH_DTH_NCOM,CARDIO,,ES213,PER_100000_POP,285.8
2018,EU_SH_DTH_NCOM,CARDIO,,ES213,PER_100000_POP,287.8
2021,EU_SH_DTH_NCOM,CARDIO,,ES213,PER_100000_POP,276.1
2013,EU_SH_DTH_NCOM,CARDIO,,ES213,PER_100000_POP,263
2011,EU_SH_DTH_NCOM,CARDIO,,ES213,PER_100000_POP,282.1
2015,EU_SH_DTH_NCOM,CARDIO,,ES213,PER_100000_POP,293.5
2019,EU_SH_DTH_NCOM,CARDIO,,ES213,PER_100000_POP,276.2
2010,EU_SH_DTH_NCOM,CARDIO,,ES213,PER_100000_POP,280.5
2020,EU_SH_DTH_NCOM,CARDIO,,ES213,PER_100000_POP,277
2014,EU_SH_DTH_NCOM,CARDIO,,ES213,PER_100000_POP,274.4
2016,EU_SH_DTH_NCOM,CARDIO,,ES213,PER_100000_POP,285.3
2017,EU_SH_DTH_NCOM,CARDIO,,ES213,PER_100000_POP,285.9
2022,EU_SH_DTH_NCOM,CARDIO,,ES213,PER_100000_POP,275.1
2011,EU_SH_DTH_NCOM,CARDIO,,ES212,PER_100000_POP,249.5
2013,EU_SH_DTH_NCOM,CARDIO,,ES212,PER_100000_POP,244.4
2016,EU_SH_DTH_NCOM,CARDIO,,ES212,PER_100000_POP,249.8
2019,EU_SH_DTH_NCOM,CARDIO,,ES212,PER_100000_POP,248.3
2021,EU_SH_DTH_NCOM,CARDIO,,ES212,PER_100000_POP,284.9
2015,EU_SH_DTH_NCOM,CARDIO,,ES212,PER_100000_POP,244
2010,EU_SH_DTH_NCOM,CARDIO,,ES212,PER_100000_POP,250.3
2014,EU_SH_DTH_NCOM,CARDIO,,ES212,PER_100000_POP,230.9
2020,EU_SH_DTH_NCOM,CARDIO,,ES212,PER_100000_POP,251.1
2018,EU_SH_DTH_NCOM,CARDIO,,ES212,PER_100000_POP,253.9
2012,EU_SH_DTH_NCOM,CARDIO,,ES212,PER_100000_POP,251.4
2022,EU_SH_DTH_NCOM,CARDIO,,ES212,PER_100000_POP,264.6
2017,EU_SH_DTH_NCOM,CARDIO,,ES212,PER_100000_POP,253.9
2013,EU_SH_DTH_NCOM,CARDIO,F,,PER_100000_POP,252.4
2012,EU_SH_DTH_NCOM,CARDIO,F,,PER_100000_POP,275.6
2011,EU_SH_DTH_NCOM,CARDIO,F,,PER_100000_POP,265.1
2016,EU_SH_DTH_NCOM,CARDIO,F,,PER_100000_POP,269.1
2015,EU_SH_DTH_NCOM,CARDIO,F,,PER_100000_POP,275.9
2010,EU_SH_DTH_NCOM,CARDIO,F,,PER_100000_POP,262.6
2019,EU_SH_DTH_NCOM,CARDIO,F,,PER_100000_POP,260.7
2017,EU_SH_DTH_NCOM,CARDIO,F,,PER_100000_POP,271.6
2018,EU_SH_DTH_NCOM,CARDIO,F,,PER_100000_POP,269.6
2020,EU_SH_DTH_NCOM,CARDIO,F,,PER_100000_POP,267
2022,EU_SH_DTH_NCOM,CARDIO,F,,PER_100000_POP,272.8
2021,EU_SH_DTH_NCOM,CARDIO,F,,PER_100000_POP,279.1
2014,EU_SH_DTH_NCOM,CARDIO,F,,PER_100000_POP,257
2022,EU_SH_DTH_NCOM,CARDIO,F,ES211,PER_100000_POP,224.8
2020,EU_SH_DTH_NCOM,CARDIO,F,ES211,PER_100000_POP,180.4
2021,EU_SH_DTH_NCOM,CARDIO,F,ES211,PER_100000_POP,201.6
2015,EU_SH_DTH_NCOM,CARDIO,F,ES211,PER_100000_POP,224.7
2016,EU_SH_DTH_NCOM,CARDIO,F,ES211,PER_100000_POP,213.9
2014,EU_SH_DTH_NCOM,CARDIO,F,ES211,PER_100000_POP,196.1
2019,EU_SH_DTH_NCOM,CARDIO,F,ES211,PER_100000_POP,205
2011,EU_SH_DTH_NCOM,CARDIO,F,ES211,PER_100000_POP,207.2
2017,EU_SH_DTH_NCOM,CARDIO,F,ES211,PER_100000_POP,213.1
2010,EU_SH_DTH_NCOM,CARDIO,F,ES211,PER_100000_POP,224
2013,EU_SH_DTH_NCOM,CARDIO,F,ES211,PER_100000_POP,214.9
2012,EU_SH_DTH_NCOM,CARDIO,F,ES211,PER_100000_POP,227.4
2018,EU_SH_DTH_NCOM,CARDIO,F,ES211,PER_100000_POP,197.6
2016,EU_SH_DTH_NCOM,CARDIO,F,ES213,PER_100000_POP,295.8
2011,EU_SH_DTH_NCOM,CARDIO,F,ES213,PER_100000_POP,286.1
2010,EU_SH_DTH_NCOM,CARDIO,F,ES213,PER_100000_POP,278.7
2021,EU_SH_DTH_NCOM,CARDIO,F,ES213,PER_100000_POP,289.4
2015,EU_SH_DTH_NCOM,CARDIO,F,ES213,PER_100000_POP,300.9
2013,EU_SH_DTH_NCOM,CARDIO,F,ES213,PER_100000_POP,268.2
2022,EU_SH_DTH_NCOM,CARDIO,F,ES213,PER_100000_POP,285.4
2018,EU_SH_DTH_NCOM,CARDIO,F,ES213,PER_100000_POP,292.8
2012,EU_SH_DTH_NCOM,CARDIO,F,ES213,PER_100000_POP,298.2
2019,EU_SH_DTH_NCOM,CARDIO,F,ES213,PER_100000_POP,278.1
2017,EU_SH_DTH_NCOM,CARDIO,F,ES213,PER_100000_POP,294.9
2014,EU_SH_DTH_NCOM,CARDIO,F,ES213,PER_100000_POP,289.9
2020,EU_SH_DTH_NCOM,CARDIO,F,ES213,PER_100000_POP,292.8
2013,EU_SH_DTH_NCOM,CARDIO,F,ES212,PER_100000_POP,243.4
2010,EU_SH_DTH_NCOM,CARDIO,F,ES212,PER_100000_POP,253
2011,EU_SH_DTH_NCOM,CARDIO,F,ES212,PER_100000_POP,256.3
2019,EU_SH_DTH_NCOM,CARDIO,F,ES212,PER_100000_POP,257.9
2014,EU_SH_DTH_NCOM,CARDIO,F,ES212,PER_100000_POP,230.5
2021,EU_SH_DTH_NCOM,CARDIO,F,ES212,PER_100000_POP,298
2018,EU_SH_DTH_NCOM,CARDIO,F,ES212,PER_100000_POP,264.5
2022,EU_SH_DTH_NCOM,CARDIO,F,ES212,PER_100000_POP,274.6
2017,EU_SH_DTH_NCOM,CARDIO,F,ES212,PER_100000_POP,260.4
2016,EU_SH_DTH_NCOM,CARDIO,F,ES212,PER_100000_POP,250.5
2020,EU_SH_DTH_NCOM,CARDIO,F,ES212,PER_100000_POP,264.7
2012,EU_SH_DTH_NCOM,CARDIO,F,ES212,PER_100000_POP,259.8
2015,EU_SH_DTH_NCOM,CARDIO,F,ES212,PER_100000_POP,258.1
2015,EU_SH_DTH_NCOM,CARDIO,M,,PER_100000_POP,256.4
2014,EU_SH_DTH_NCOM,CARDIO,M,,PER_100000_POP,238.7
2018,EU_SH_DTH_NCOM,CARDIO,M,,PER_100000_POP,260.1
2010,EU_SH_DTH_NCOM,CARDIO,M,,PER_100000_POP,260.1
2012,EU_SH_DTH_NCOM,CARDIO,M,,PER_100000_POP,249.9
2013,EU_SH_DTH_NCOM,CARDIO,M,,PER_100000_POP,244.5
2020,EU_SH_DTH_NCOM,CARDIO,M,,PER_100000_POP,243.3
2016,EU_SH_DTH_NCOM,CARDIO,M,,PER_100000_POP,258.1
2011,EU_SH_DTH_NCOM,CARDIO,M,,PER_100000_POP,253.9
2019,EU_SH_DTH_NCOM,CARDIO,M,,PER_100000_POP,251.5
2021,EU_SH_DTH_NCOM,CARDIO,M,,PER_100000_POP,260.7
2017,EU_SH_DTH_NCOM,CARDIO,M,,PER_100000_POP,257.1
2022,EU_SH_DTH_NCOM,CARDIO,M,,PER_100000_POP,252.9
2016,EU_SH_DTH_NCOM,CARDIO,M,ES211,PER_100000_POP,222.8
2021,EU_SH_DTH_NCOM,CARDIO,M,ES211,PER_100000_POP,234.1
2010,EU_SH_DTH_NCOM,CARDIO,M,ES211,PER_100000_POP,208.2
2013,EU_SH_DTH_NCOM,CARDIO,M,ES211,PER_100000_POP,197.2
2022,EU_SH_DTH_NCOM,CARDIO,M,ES211,PER_100000_POP,212.8
2020,EU_SH_DTH_NCOM,CARDIO,M,ES211,PER_100000_POP,200.9
2011,EU_SH_DTH_NCOM,CARDIO,M,ES211,PER_100000_POP,195.5
2012,EU_SH_DTH_NCOM,CARDIO,M,ES211,PER_100000_POP,186.7
2018,EU_SH_DTH_NCOM,CARDIO,M,ES211,PER_100000_POP,221.5
2015,EU_SH_DTH_NCOM,CARDIO,M,ES211,PER_100000_POP,215.5
2017,EU_SH_DTH_NCOM,CARDIO,M,ES211,PER_100000_POP,213.4
2019,EU_SH_DTH_NCOM,CARDIO,M,ES211,PER_100000_POP,203.3
2014,EU_SH_DTH_NCOM,CARDIO,M,ES211,PER_100000_POP,187.1
2018,EU_SH_DTH_NCOM,CARDIO,M,ES213,PER_100000_POP,282.4
2017,EU_SH_DTH_NCOM,CARDIO,M,ES213,PER_100000_POP,276.1
2014,EU_SH_DTH_NCOM,CARDIO,M,ES213,PER_100000_POP,258.1
2011,EU_SH_DTH_NCOM,CARDIO,M,ES213,PER_100000_POP,277.8
2013,EU_SH_DTH_NCOM,CARDIO,M,ES213,PER_100000_POP,257.5
2021,EU_SH_DTH_NCOM,CARDIO,M,ES213,PER_100000_POP,261.8
2016,EU_SH_DTH_NCOM,CARDIO,M,ES213,PER_100000_POP,274
2020,EU_SH_DTH_NCOM,CARDIO,M,ES213,PER_100000_POP,259.9
2015,EU_SH_DTH_NCOM,CARDIO,M,ES213,PER_100000_POP,285.4
2019,EU_SH_DTH_NCOM,CARDIO,M,ES213,PER_100000_POP,274.1
2012,EU_SH_DTH_NCOM,CARDIO,M,ES213,PER_100000_POP,272.5
2022,EU_SH_DTH_NCOM,CARDIO,M,ES213,PER_100000_POP,264
2010,EU_SH_DTH_NCOM,CARDIO,M,ES213,PER_100000_POP,282.5
2016,EU_SH_DTH_NCOM,CARDIO,M,ES212,PER_100000_POP,249.1
2012,EU_SH_DTH_NCOM,CARDIO,M,ES212,PER_100000_POP,242.7
2013,EU_SH_DTH_NCOM,CARDIO,M,ES212,PER_100000_POP,245.4
2022,EU_SH_DTH_NCOM,CARDIO,M,ES212,PER_100000_POP,254.1
2020,EU_SH_DTH_NCOM,CARDIO,M,ES212,PER_100000_POP,236.9
2021,EU_SH_DTH_NCOM,CARDIO,M,ES212,PER_100000_POP,271.2
2010,EU_SH_DTH_NCOM,CARDIO,M,ES212,PER_100000_POP,247.5
2011,EU_SH_DTH_NCOM,CARDIO,M,ES212,PER_100000_POP,242.4
2018,EU_SH_DTH_NCOM,CARDIO,M,ES212,PER_100000_POP,242.8
2015,EU_SH_DTH_NCOM,CARDIO,M,ES212,PER_100000_POP,229.2
2014,EU_SH_DTH_NCOM,CARDIO,M,ES212,PER_100000_POP,231.4
2017,EU_SH_DTH_NCOM,CARDIO,M,ES212,PER_100000_POP,247.2
2019,EU_SH_DTH_NCOM,CARDIO,M,ES212,PER_100000_POP,238.3
2014,EU_SH_DTH_NCOM,CNCR,,,PER_100000_POP,283.9
2019,EU_SH_DTH_NCOM,CNCR,,,PER_100000_POP,277.6
2018,EU_SH_DTH_NCOM,CNCR,,,PER_100000_POP,281.7
2021,EU_SH_DTH_NCOM,CNCR,,,PER_100000_POP,276.7
2022,EU_SH_DTH_NCOM,CNCR,,,PER_100000_POP,282.3
2017,EU_SH_DTH_NCOM,CNCR,,,PER_100000_POP,282.4
2020,EU_SH_DTH_NCOM,CNCR,,,PER_100000_POP,273.5
2013,EU_SH_DTH_NCOM,CNCR,,,PER_100000_POP,272
2012,EU_SH_DTH_NCOM,CNCR,,,PER_100000_POP,272.4
2016,EU_SH_DTH_NCOM,CNCR,,,PER_100000_POP,281.6
2015,EU_SH_DTH_NCOM,CNCR,,,PER_100000_POP,284
2011,EU_SH_DTH_NCOM,CNCR,,,PER_100000_POP,279.1
2010,EU_SH_DTH_NCOM,CNCR,,,PER_100000_POP,267.5
2022,EU_SH_DTH_NCOM,CNCR,,ES211,PER_100000_POP,243.6
2020,EU_SH_DTH_NCOM,CNCR,,ES211,PER_100000_POP,224.1
2012,EU_SH_DTH_NCOM,CNCR,,ES211,PER_100000_POP,232
2011,EU_SH_DTH_NCOM,CNCR,,ES211,PER_100000_POP,257.9
2021,EU_SH_DTH_NCOM,CNCR,,ES211,PER_100000_POP,250.6
2014,EU_SH_DTH_NCOM,CNCR,,ES211,PER_100000_POP,234.3
2013,EU_SH_DTH_NCOM,CNCR,,ES211,PER_100000_POP,247.7
2016,EU_SH_DTH_NCOM,CNCR,,ES211,PER_100000_POP,250.5
2018,EU_SH_DTH_NCOM,CNCR,,ES211,PER_100000_POP,243
2010,EU_SH_DTH_NCOM,CNCR,,ES211,PER_100000_POP,224
2015,EU_SH_DTH_NCOM,CNCR,,ES211,PER_100000_POP,263.6
2017,EU_SH_DTH_NCOM,CNCR,,ES211,PER_100000_POP,268.7
2019,EU_SH_DTH_NCOM,CNCR,,ES211,PER_100000_POP,250.4
2022,EU_SH_DTH_NCOM,CNCR,,ES213,PER_100000_POP,301.6
2012,EU_SH_DTH_NCOM,CNCR,,ES213,PER_100000_POP,289.1
2010,EU_SH_DTH_NCOM,CNCR,,ES213,PER_100000_POP,287.6
2019,EU_SH_DTH_NCOM,CNCR,,ES213,PER_100000_POP,297.8
2016,EU_SH_DTH_NCOM,CNCR,,ES213,PER_100000_POP,303.7
2014,EU_SH_DTH_NCOM,CNCR,,ES213,PER_100000_POP,303.4
2020,EU_SH_DTH_NCOM,CNCR,,ES213,PER_100000_POP,292.3
2013,EU_SH_DTH_NCOM,CNCR,,ES213,PER_100000_POP,285.8
2018,EU_SH_DTH_NCOM,CNCR,,ES213,PER_100000_POP,293.8
2017,EU_SH_DTH_NCOM,CNCR,,ES213,PER_100000_POP,291.2
2011,EU_SH_DTH_NCOM,CNCR,,ES213,PER_100000_POP,291.5
2021,EU_SH_DTH_NCOM,CNCR,,ES213,PER_100000_POP,291.9
2015,EU_SH_DTH_NCOM,CNCR,,ES213,PER_100000_POP,295.8
2017,EU_SH_DTH_NCOM,CNCR,,ES212,PER_100000_POP,274.4
2013,EU_SH_DTH_NCOM,CNCR,,ES212,PER_100000_POP,260.5
2014,EU_SH_DTH_NCOM,CNCR,,ES212,PER_100000_POP,274.9
2022,EU_SH_DTH_NCOM,CNCR,,ES212,PER_100000_POP,269.7
2016,EU_SH_DTH_NCOM,CNCR,,ES212,PER_100000_POP,260.3
2020,EU_SH_DTH_NCOM,CNCR,,ES212,PER_100000_POP,266.1
2011,EU_SH_DTH_NCOM,CNCR,,ES212,PER_100000_POP,268.4
2015,EU_SH_DTH_NCOM,CNCR,,ES212,PER_100000_POP,274.1
2012,EU_SH_DTH_NCOM,CNCR,,ES212,PER_100000_POP,263.6
2019,EU_SH_DTH_NCOM,CNCR,,ES212,PER_100000_POP,257.9
2010,EU_SH_DTH_NCOM,CNCR,,ES212,PER_100000_POP,254.3
2021,EU_SH_DTH_NCOM,CNCR,,ES212,PER_100000_POP,264.4
2018,EU_SH_DTH_NCOM,CNCR,,ES212,PER_100000_POP,280
2012,EU_SH_DTH_NCOM,CNCR,F,,PER_100000_POP,193.8
2018,EU_SH_DTH_NCOM,CNCR,F,,PER_100000_POP,213.6
2010,EU_SH_DTH_NCOM,CNCR,F,,PER_100000_POP,195.2
2019,EU_SH_DTH_NCOM,CNCR,F,,PER_100000_POP,215.3
2022,EU_SH_DTH_NCOM,CNCR,F,,PER_100000_POP,228
2016,EU_SH_DTH_NCOM,CNCR,F,,PER_100000_POP,215
2015,EU_SH_DTH_NCOM,CNCR,F,,PER_100000_POP,218.4
2014,EU_SH_DTH_NCOM,CNCR,F,,PER_100000_POP,216.6
2017,EU_SH_DTH_NCOM,CNCR,F,,PER_100000_POP,215.4
2013,EU_SH_DTH_NCOM,CNCR,F,,PER_100000_POP,199
2021,EU_SH_DTH_NCOM,CNCR,F,,PER_100000_POP,220.5
2020,EU_SH_DTH_NCOM,CNCR,F,,PER_100000_POP,210.6
2011,EU_SH_DTH_NCOM,CNCR,F,,PER_100000_POP,209.7
2016,EU_SH_DTH_NCOM,CNCR,F,ES211,PER_100000_POP,177.2
2014,EU_SH_DTH_NCOM,CNCR,F,ES211,PER_100000_POP,178.9
2013,EU_SH_DTH_NCOM,CNCR,F,ES211,PER_100000_POP,177.8
2022,EU_SH_DTH_NCOM,CNCR,F,ES211,PER_100000_POP,208.2
2018,EU_SH_DTH_NCOM,CNCR,F,ES211,PER_100000_POP,168.7
2010,EU_SH_DTH_NCOM,CNCR,F,ES211,PER_100000_POP,160
2020,EU_SH_DTH_NCOM,CNCR,F,ES211,PER_100000_POP,178
2012,EU_SH_DTH_NCOM,CNCR,F,ES211,PER_100000_POP,161.7
2017,EU_SH_DTH_NCOM,CNCR,F,ES211,PER_100000_POP,206.4
2015,EU_SH_DTH_NCOM,CNCR,F,ES211,PER_100000_POP,220.4
2011,EU_SH_DTH_NCOM,CNCR,F,ES211,PER_100000_POP,174.2
2019,EU_SH_DTH_NCOM,CNCR,F,ES211,PER_100000_POP,187.7
2021,EU_SH_DTH_NCOM,CNCR,F,ES211,PER_100000_POP,202.8
2020,EU_SH_DTH_NCOM,CNCR,F,ES213,PER_100000_POP,225.3
2013,EU_SH_DTH_NCOM,CNCR,F,ES213,PER_100000_POP,206
2021,EU_SH_DTH_NCOM,CNCR,F,ES213,PER_100000_POP,229.8
2014,EU_SH_DTH_NCOM,CNCR,F,ES213,PER_100000_POP,231.8
2010,EU_SH_DTH_NCOM,CNCR,F,ES213,PER_100000_POP,209
2022,EU_SH_DTH_NCOM,CNCR,F,ES213,PER_100000_POP,245.7
2017,EU_SH_DTH_NCOM,CNCR,F,ES213,PER_100000_POP,218.5
2012,EU_SH_DTH_NCOM,CNCR,F,ES213,PER_100000_POP,205.2
2011,EU_SH_DTH_NCOM,CNCR,F,ES213,PER_100000_POP,222.7
2016,EU_SH_DTH_NCOM,CNCR,F,ES213,PER_100000_POP,234.5
2015,EU_SH_DTH_NCOM,CNCR,F,ES213,PER_100000_POP,220.2
2019,EU_SH_DTH_NCOM,CNCR,F,ES213,PER_100000_POP,226.5
2018,EU_SH_DTH_NCOM,CNCR,F,ES213,PER_100000_POP,224.1
2010,EU_SH_DTH_NCOM,CNCR,F,ES212,PER_100000_POP,188
2011,EU_SH_DTH_NCOM,CNCR,F,ES212,PER_100000_POP,203.9
2019,EU_SH_DTH_NCOM,CNCR,F,ES212,PER_100000_POP,209.8
2018,EU_SH_DTH_NCOM,CNCR,F,ES212,PER_100000_POP,216.9
2013,EU_SH_DTH_NCOM,CNCR,F,ES212,PER_100000_POP,196.9
2014,EU_SH_DTH_NCOM,CNCR,F,ES212,PER_100000_POP,208.7
2017,EU_SH_DTH_NCOM,CNCR,F,ES212,PER_100000_POP,214.6
2012,EU_SH_DTH_NCOM,CNCR,F,ES212,PER_100000_POP,189.3
2015,EU_SH_DTH_NCOM,CNCR,F,ES212,PER_100000_POP,214.6
2020,EU_SH_DTH_NCOM,CNCR,F,ES212,PER_100000_POP,201.6
2016,EU_SH_DTH_NCOM,CNCR,F,ES212,PER_100000_POP,200.2
2021,EU_SH_DTH_NCOM,CNCR,F,ES212,PER_100000_POP,213.6
2022,EU_SH_DTH_NCOM,CNCR,F,ES212,PER_100000_POP,208.5
2018,EU_SH_DTH_NCOM,CNCR,M,,PER_100000_POP,353.9
2011,EU_SH_DTH_NCOM,CNCR,M,,PER_100000_POP,351.9
2022,EU_SH_DTH_NCOM,CNCR,M,,PER_100000_POP,340.1
2017,EU_SH_DTH_NCOM,CNCR,M,,PER_100000_POP,353.3
2016,EU_SH_DTH_NCOM,CNCR,M,,PER_100000_POP,352.1
2019,EU_SH_DTH_NCOM,CNCR,M,,PER_100000_POP,343.8
2013,EU_SH_DTH_NCOM,CNCR,M,,PER_100000_POP,348.9
2014,EU_SH_DTH_NCOM,CNCR,M,,PER_100000_POP,354.9
2010,EU_SH_DTH_NCOM,CNCR,M,,PER_100000_POP,343.2
2015,EU_SH_DTH_NCOM,CNCR,M,,PER_100000_POP,353.1
2021,EU_SH_DTH_NCOM,CNCR,M,,PER_100000_POP,336.3
2020,EU_SH_DTH_NCOM,CNCR,M,,PER_100000_POP,340.3
2012,EU_SH_DTH_NCOM,CNCR,M,,PER_100000_POP,355.1
2014,EU_SH_DTH_NCOM,CNCR,M,ES211,PER_100000_POP,291
2017,EU_SH_DTH_NCOM,CNCR,M,ES211,PER_100000_POP,332.9
2022,EU_SH_DTH_NCOM,CNCR,M,ES211,PER_100000_POP,280.3
2019,EU_SH_DTH_NCOM,CNCR,M,ES211,PER_100000_POP,315.2
2018,EU_SH_DTH_NCOM,CNCR,M,ES211,PER_100000_POP,319.7
2016,EU_SH_DTH_NCOM,CNCR,M,ES211,PER_100000_POP,325.8
2021,EU_SH_DTH_NCOM,CNCR,M,ES211,PER_100000_POP,300.1
2012,EU_SH_DTH_NCOM,CNCR,M,ES211,PER_100000_POP,303.2
2020,EU_SH_DTH_NCOM,CNCR,M,ES211,PER_100000_POP,271.8
2013,EU_SH_DTH_NCOM,CNCR,M,ES211,PER_100000_POP,318.9
2011,EU_SH_DTH_NCOM,CNCR,M,ES211,PER_100000_POP,342.1
2010,EU_SH_DTH_NCOM,CNCR,M,ES211,PER_100000_POP,288.3
2015,EU_SH_DTH_NCOM,CNCR,M,ES211,PER_100000_POP,307.9
2011,EU_SH_DTH_NCOM,CNCR,M,ES213,PER_100000_POP,364.9
2022,EU_SH_DTH_NCOM,CNCR,M,ES213,PER_100000_POP,361.8
2019,EU_SH_DTH_NCOM,CNCR,M,ES213,PER_100000_POP,374.8
2013,EU_SH_DTH_NCOM,CNCR,M,ES213,PER_100000_POP,371.4
2012,EU_SH_DTH_NCOM,CNCR,M,ES213,PER_100000_POP,378.8
2014,EU_SH_DTH_NCOM,CNCR,M,ES213,PER_100000_POP,380.3
2016,EU_SH_DTH_NCOM,CNCR,M,ES213,PER_100000_POP,378.1
2017,EU_SH_DTH_NCOM,CNCR,M,ES213,PER_100000_POP,369.6
2021,EU_SH_DTH_NCOM,CNCR,M,ES213,PER_100000_POP,359
2020,EU_SH_DTH_NCOM,CNCR,M,ES213,PER_100000_POP,364.7
2018,EU_SH_DTH_NCOM,CNCR,M,ES213,PER_100000_POP,368.8
2010,EU_SH_DTH_NCOM,CNCR,M,ES213,PER_100000_POP,371.3
2015,EU_SH_DTH_NCOM,CNCR,M,ES213,PER_100000_POP,377
2011,EU_SH_DTH_NCOM,CNCR,M,ES212,PER_100000_POP,335.3
2018,EU_SH_DTH_NCOM,CNCR,M,ES212,PER_100000_POP,346
2013,EU_SH_DTH_NCOM,CNCR,M,ES212,PER_100000_POP,326.7
2015,EU_SH_DTH_NCOM,CNCR,M,ES212,PER_100000_POP,336.2
2012,EU_SH_DTH_NCOM,CNCR,M,ES212,PER_100000_POP,340.9
2022,EU_SH_DTH_NCOM,CNCR,M,ES212,PER_100000_POP,333.9
2021,EU_SH_DTH_NCOM,CNCR,M,ES212,PER_100000_POP,317.7
2017,EU_SH_DTH_NCOM,CNCR,M,ES212,PER_100000_POP,337
2014,EU_SH_DTH_NCOM,CNCR,M,ES212,PER_100000_POP,343.9
2010,EU_SH_DTH_NCOM,CNCR,M,ES212,PER_100000_POP,323
2016,EU_SH_DTH_NCOM,CNCR,M,ES212,PER_100000_POP,323.2
2020,EU_SH_DTH_NCOM,CNCR,M,ES212,PER_100000_POP,333.5
2019,EU_SH_DTH_NCOM,CNCR,M,ES212,PER_100000_POP,308.3
2022,EU_SH_DTH_NCOM,DIABTS,,,PER_100000_POP,22.1
2018,EU_SH_DTH_NCOM,DIABTS,,,PER_100000_POP,20.6
2015,EU_SH_DTH_NCOM,DIABTS,,,PER_100000_POP,22.2
2020,EU_SH_DTH_NCOM,DIABTS,,,PER_100000_POP,22.8
2016,EU_SH_DTH_NCOM,DIABTS,,,PER_100000_POP,19.5
2019,EU_SH_DTH_NCOM,DIABTS,,,PER_100000_POP,20.7
2017,EU_SH_DTH_NCOM,DIABTS,,,PER_100000_POP,17.4
2011,EU_SH_DTH_NCOM,DIABTS,,,PER_100000_POP,22
2014,EU_SH_DTH_NCOM,DIABTS,,,PER_100000_POP,20.1
2012,EU_SH_DTH_NCOM,DIABTS,,,PER_100000_POP,21.8
2021,EU_SH_DTH_NCOM,DIABTS,,,PER_100000_POP,21
2010,EU_SH_DTH_NCOM,DIABTS,,,PER_100000_POP,23.9
2013,EU_SH_DTH_NCOM,DIABTS,,,PER_100000_POP,23.2
2013,EU_SH_DTH_NCOM,DIABTS,,ES211,PER_100000_POP,21.2
2015,EU_SH_DTH_NCOM,DIABTS,,ES211,PER_100000_POP,21.1
2021,EU_SH_DTH_NCOM,DIABTS,,ES211,PER_100000_POP,23
2017,EU_SH_DTH_NCOM,DIABTS,,ES211,PER_100000_POP,16.9
2014,EU_SH_DTH_NCOM,DIABTS,,ES211,PER_100000_POP,12.5
2022,EU_SH_DTH_NCOM,DIABTS,,ES211,PER_100000_POP,19.6
2012,EU_SH_DTH_NCOM,DIABTS,,ES211,PER_100000_POP,19.3
2019,EU_SH_DTH_NCOM,DIABTS,,ES211,PER_100000_POP,14
2020,EU_SH_DTH_NCOM,DIABTS,,ES211,PER_100000_POP,19.4
2016,EU_SH_DTH_NCOM,DIABTS,,ES211,PER_100000_POP,17.3
2011,EU_SH_DTH_NCOM,DIABTS,,ES211,PER_100000_POP,22.5
2018,EU_SH_DTH_NCOM,DIABTS,,ES211,PER_100000_POP,17.1
2010,EU_SH_DTH_NCOM,DIABTS,,ES211,PER_100000_POP,25.5
2019,EU_SH_DTH_NCOM,DIABTS,,ES213,PER_100000_POP,23.4
2012,EU_SH_DTH_NCOM,DIABTS,,ES213,PER_100000_POP,21.8
2021,EU_SH_DTH_NCOM,DIABTS,,ES213,PER_100000_POP,22.1
2015,EU_SH_DTH_NCOM,DIABTS,,ES213,PER_100000_POP,23.8
2011,EU_SH_DTH_NCOM,DIABTS,,ES213,PER_100000_POP,21.9
2010,EU_SH_DTH_NCOM,DIABTS,,ES213,PER_100000_POP,22
2017,EU_SH_DTH_NCOM,DIABTS,,ES213,PER_100000_POP,18
2016,EU_SH_DTH_NCOM,DIABTS,,ES213,PER_100000_POP,20.7
2022,EU_SH_DTH_NCOM,DIABTS,,ES213,PER_100000_POP,21.6
2020,EU_SH_DTH_NCOM,DIABTS,,ES213,PER_100000_POP,24.4
2014,EU_SH_DTH_NCOM,DIABTS,,ES213,PER_100000_POP,22.3
2013,EU_SH_DTH_NCOM,DIABTS,,ES213,PER_100000_POP,22.4
2018,EU_SH_DTH_NCOM,DIABTS,,ES213,PER_100000_POP,20.4
2010,EU_SH_DTH_NCOM,DIABTS,,ES212,PER_100000_POP,26.1
2015,EU_SH_DTH_NCOM,DIABTS,,ES212,PER_100000_POP,20.3
2017,EU_SH_DTH_NCOM,DIABTS,,ES212,PER_100000_POP,16.7
2014,EU_SH_DTH_NCOM,DIABTS,,ES212,PER_100000_POP,19.9
2022,EU_SH_DTH_NCOM,DIABTS,,ES212,PER_100000_POP,24.1
2013,EU_SH_DTH_NCOM,DIABTS,,ES212,PER_100000_POP,25.3
2016,EU_SH_DTH_NCOM,DIABTS,,ES212,PER_100000_POP,18.4
2012,EU_SH_DTH_NCOM,DIABTS,,ES212,PER_100000_POP,22.8
2020,EU_SH_DTH_NCOM,DIABTS,,ES212,PER_100000_POP,21.7
2011,EU_SH_DTH_NCOM,DIABTS,,ES212,PER_100000_POP,22
2019,EU_SH_DTH_NCOM,DIABTS,,ES212,PER_100000_POP,19.5
2018,EU_SH_DTH_NCOM,DIABTS,,ES212,PER_100000_POP,22.2
2021,EU_SH_DTH_NCOM,DIABTS,,ES212,PER_100000_POP,18.3
2017,EU_SH_DTH_NCOM,DIABTS,F,,PER_100000_POP,18.5
2010,EU_SH_DTH_NCOM,DIABTS,F,,PER_100000_POP,26.6
2011,EU_SH_DTH_NCOM,DIABTS,F,,PER_100000_POP,24.5
2021,EU_SH_DTH_NCOM,DIABTS,F,,PER_100000_POP,23.1
2016,EU_SH_DTH_NCOM,DIABTS,F,,PER_100000_POP,20.2
2022,EU_SH_DTH_NCOM,DIABTS,F,,PER_100000_POP,22.8
2018,EU_SH_DTH_NCOM,DIABTS,F,,PER_100000_POP,22.2
2014,EU_SH_DTH_NCOM,DIABTS,F,,PER_100000_POP,22.4
2013,EU_SH_DTH_NCOM,DIABTS,F,,PER_100000_POP,27
2012,EU_SH_DTH_NCOM,DIABTS,F,,PER_100000_POP,24.3
2019,EU_SH_DTH_NCOM,DIABTS,F,,PER_100000_POP,22.8
2015,EU_SH_DTH_NCOM,DIABTS,F,,PER_100000_POP,24.2
2020,EU_SH_DTH_NCOM,DIABTS,F,,PER_100000_POP,23.2
2015,EU_SH_DTH_NCOM,DIABTS,F,ES211,PER_100000_POP,22.1
2012,EU_SH_DTH_NCOM,DIABTS,F,ES211,PER_100000_POP,19.2
2020,EU_SH_DTH_NCOM,DIABTS,F,ES211,PER_100000_POP,19.1
2021,EU_SH_DTH_NCOM,DIABTS,F,ES211,PER_100000_POP,22.6
2010,EU_SH_DTH_NCOM,DIABTS,F,ES211,PER_100000_POP,28.2
2014,EU_SH_DTH_NCOM,DIABTS,F,ES211,PER_100000_POP,14.8
2011,EU_SH_DTH_NCOM,DIABTS,F,ES211,PER_100000_POP,29.2
2018,EU_SH_DTH_NCOM,DIABTS,F,ES211,PER_100000_POP,20.5
2013,EU_SH_DTH_NCOM,DIABTS,F,ES211,PER_100000_POP,19.8
2022,EU_SH_DTH_NCOM,DIABTS,F,ES211,PER_100000_POP,17.7
2017,EU_SH_DTH_NCOM,DIABTS,F,ES211,PER_100000_POP,20
2019,EU_SH_DTH_NCOM,DIABTS,F,ES211,PER_100000_POP,14.9
2016,EU_SH_DTH_NCOM,DIABTS,F,ES211,PER_100000_POP,18.9
2010,EU_SH_DTH_NCOM,DIABTS,F,ES213,PER_100000_POP,24.9
2015,EU_SH_DTH_NCOM,DIABTS,F,ES213,PER_100000_POP,25.7
2013,EU_SH_DTH_NCOM,DIABTS,F,ES213,PER_100000_POP,28.5
2018,EU_SH_DTH_NCOM,DIABTS,F,ES213,PER_100000_POP,22.6
2014,EU_SH_DTH_NCOM,DIABTS,F,ES213,PER_100000_POP,25.5
2022,EU_SH_DTH_NCOM,DIABTS,F,ES213,PER_100000_POP,23.6
2012,EU_SH_DTH_NCOM,DIABTS,F,ES213,PER_100000_POP,24.2
2016,EU_SH_DTH_NCOM,DIABTS,F,ES213,PER_100000_POP,22
2011,EU_SH_DTH_NCOM,DIABTS,F,ES213,PER_100000_POP,21.8
2020,EU_SH_DTH_NCOM,DIABTS,F,ES213,PER_100000_POP,25.2
2017,EU_SH_DTH_NCOM,DIABTS,F,ES213,PER_100000_POP,19.1
2019,EU_SH_DTH_NCOM,DIABTS,F,ES213,PER_100000_POP,26.1
2021,EU_SH_DTH_NCOM,DIABTS,F,ES213,PER_100000_POP,25.7
2012,EU_SH_DTH_NCOM,DIABTS,F,ES212,PER_100000_POP,26.6
2014,EU_SH_DTH_NCOM,DIABTS,F,ES212,PER_100000_POP,20.7
2022,EU_SH_DTH_NCOM,DIABTS,F,ES212,PER_100000_POP,23.7
2016,EU_SH_DTH_NCOM,DIABTS,F,ES212,PER_100000_POP,17.9
2018,EU_SH_DTH_NCOM,DIABTS,F,ES212,PER_100000_POP,22.4
2020,EU_SH_DTH_NCOM,DIABTS,F,ES212,PER_100000_POP,21.7
2010,EU_SH_DTH_NCOM,DIABTS,F,ES212,PER_100000_POP,28.8
2017,EU_SH_DTH_NCOM,DIABTS,F,ES212,PER_100000_POP,16.7
2019,EU_SH_DTH_NCOM,DIABTS,F,ES212,PER_100000_POP,21.2
2021,EU_SH_DTH_NCOM,DIABTS,F,ES212,PER_100000_POP,19.1
2013,EU_SH_DTH_NCOM,DIABTS,F,ES212,PER_100000_POP,27.7
2011,EU_SH_DTH_NCOM,DIABTS,F,ES212,PER_100000_POP,26.7
2015,EU_SH_DTH_NCOM,DIABTS,F,ES212,PER_100000_POP,22.6
2012,EU_SH_DTH_NCOM,DIABTS,M,,PER_100000_POP,19.1
2020,EU_SH_DTH_NCOM,DIABTS,M,,PER_100000_POP,22.3
2014,EU_SH_DTH_NCOM,DIABTS,M,,PER_100000_POP,17.6
2022,EU_SH_DTH_NCOM,DIABTS,M,,PER_100000_POP,21.5
2018,EU_SH_DTH_NCOM,DIABTS,M,,PER_100000_POP,18.7
2013,EU_SH_DTH_NCOM,DIABTS,M,,PER_100000_POP,19.2
2017,EU_SH_DTH_NCOM,DIABTS,M,,PER_100000_POP,16.3
2021,EU_SH_DTH_NCOM,DIABTS,M,,PER_100000_POP,18.7
2010,EU_SH_DTH_NCOM,DIABTS,M,,PER_100000_POP,20.9
2011,EU_SH_DTH_NCOM,DIABTS,M,,PER_100000_POP,19.5
2015,EU_SH_DTH_NCOM,DIABTS,M,,PER_100000_POP,20.2
2019,EU_SH_DTH_NCOM,DIABTS,M,,PER_100000_POP,18.4
2016,EU_SH_DTH_NCOM,DIABTS,M,,PER_100000_POP,18.7
2021,EU_SH_DTH_NCOM,DIABTS,M,ES211,PER_100000_POP,23.4
2020,EU_SH_DTH_NCOM,DIABTS,M,ES211,PER_100000_POP,19.7
2022,EU_SH_DTH_NCOM,DIABTS,M,ES211,PER_100000_POP,21.5
2019,EU_SH_DTH_NCOM,DIABTS,M,ES211,PER_100000_POP,13
2014,EU_SH_DTH_NCOM,DIABTS,M,ES211,PER_100000_POP,10.1
2011,EU_SH_DTH_NCOM,DIABTS,M,ES211,PER_100000_POP,15.7
2012,EU_SH_DTH_NCOM,DIABTS,M,ES211,PER_100000_POP,19.4
2010,EU_SH_DTH_NCOM,DIABTS,M,ES211,PER_100000_POP,22.7
2016,EU_SH_DTH_NCOM,DIABTS,M,ES211,PER_100000_POP,15.7
2018,EU_SH_DTH_NCOM,DIABTS,M,ES211,PER_100000_POP,13.7
2013,EU_SH_DTH_NCOM,DIABTS,M,ES211,PER_100000_POP,22.7
2017,EU_SH_DTH_NCOM,DIABTS,M,ES211,PER_100000_POP,13.8
2015,EU_SH_DTH_NCOM,DIABTS,M,ES211,PER_100000_POP,20.1
2021,EU_SH_DTH_NCOM,DIABTS,M,ES213,PER_100000_POP,18.2
2015,EU_SH_DTH_NCOM,DIABTS,M,ES213,PER_100000_POP,21.7
2022,EU_SH_DTH_NCOM,DIABTS,M,ES213,PER_100000_POP,19.5
2011,EU_SH_DTH_NCOM,DIABTS,M,ES213,PER_100000_POP,22
2019,EU_SH_DTH_NCOM,DIABTS,M,ES213,PER_100000_POP,20.5
2013,EU_SH_DTH_NCOM,DIABTS,M,ES213,PER_100000_POP,15.9
2010,EU_SH_DTH_NCOM,DIABTS,M,ES213,PER_100000_POP,19
2017,EU_SH_DTH_NCOM,DIABTS,M,ES213,PER_100000_POP,16.8
2012,EU_SH_DTH_NCOM,DIABTS,M,ES213,PER_100000_POP,19.2
2014,EU_SH_DTH_NCOM,DIABTS,M,ES213,PER_100000_POP,18.9
2016,EU_SH_DTH_NCOM,DIABTS,M,ES213,PER_100000_POP,19.3
2018,EU_SH_DTH_NCOM,DIABTS,M,ES213,PER_100000_POP,18
2020,EU_SH_DTH_NCOM,DIABTS,M,ES213,PER_100000_POP,23.6
2014,EU_SH_DTH_NCOM,DIABTS,M,ES212,PER_100000_POP,19
2022,EU_SH_DTH_NCOM,DIABTS,M,ES212,PER_100000_POP,24.5
2010,EU_SH_DTH_NCOM,DIABTS,M,ES212,PER_100000_POP,23.2
2015,EU_SH_DTH_NCOM,DIABTS,M,ES212,PER_100000_POP,17.8
2018,EU_SH_DTH_NCOM,DIABTS,M,ES212,PER_100000_POP,22
2012,EU_SH_DTH_NCOM,DIABTS,M,ES212,PER_100000_POP,18.8
2016,EU_SH_DTH_NCOM,DIABTS,M,ES212,PER_100000_POP,19
2011,EU_SH_DTH_NCOM,DIABTS,M,ES212,PER_100000_POP,17.1
2020,EU_SH_DTH_NCOM,DIABTS,M,ES212,PER_100000_POP,21.6
2013,EU_SH_DTH_NCOM,DIABTS,M,ES212,PER_100000_POP,22.8
2017,EU_SH_DTH_NCOM,DIABTS,M,ES212,PER_100000_POP,16.6
2019,EU_SH_DTH_NCOM,DIABTS,M,ES212,PER_100000_POP,17.6
2021,EU_SH_DTH_NCOM,DIABTS,M,ES212,PER_100000_POP,17.4
2013,EU_SH_DTH_NCOM,CRESPD,,,PER_100000_POP,69.2
2014,EU_SH_DTH_NCOM,CRESPD,,,PER_100000_POP,68.7
2021,EU_SH_DTH_NCOM,CRESPD,,,PER_100000_POP,54.6
2012,EU_SH_DTH_NCOM,CRESPD,,,PER_100000_POP,71.1
2016,EU_SH_DTH_NCOM,CRESPD,,,PER_100000_POP,76.3
2010,EU_SH_DTH_NCOM,CRESPD,,,PER_100000_POP,63.5
2020,EU_SH_DTH_NCOM,CRESPD,,,PER_100000_POP,56
2019,EU_SH_DTH_NCOM,CRESPD,,,PER_100000_POP,76.6
2017,EU_SH_DTH_NCOM,CRESPD,,,PER_100000_POP,82.8
2018,EU_SH_DTH_NCOM,CRESPD,,,PER_100000_POP,81.7
2022,EU_SH_DTH_NCOM,CRESPD,,,PER_100000_POP,58.3
2015,EU_SH_DTH_NCOM,CRESPD,,,PER_100000_POP,78.8
2011,EU_SH_DTH_NCOM,CRESPD,,,PER_100000_POP,65.4
2021,EU_SH_DTH_NCOM,CRESPD,,ES211,PER_100000_POP,45.1
2017,EU_SH_DTH_NCOM,CRESPD,,ES211,PER_100000_POP,68.7
2022,EU_SH_DTH_NCOM,CRESPD,,ES211,PER_100000_POP,56
2020,EU_SH_DTH_NCOM,CRESPD,,ES211,PER_100000_POP,57.8
2015,EU_SH_DTH_NCOM,CRESPD,,ES211,PER_100000_POP,69.2
2019,EU_SH_DTH_NCOM,CRESPD,,ES211,PER_100000_POP,77.8
2012,EU_SH_DTH_NCOM,CRESPD,,ES211,PER_100000_POP,66
2013,EU_SH_DTH_NCOM,CRESPD,,ES211,PER_100000_POP,71.5
2010,EU_SH_DTH_NCOM,CRESPD,,ES211,PER_100000_POP,55.4
2011,EU_SH_DTH_NCOM,CRESPD,,ES211,PER_100000_POP,57.4
2018,EU_SH_DTH_NCOM,CRESPD,,ES211,PER_100000_POP,68.9
2016,EU_SH_DTH_NCOM,CRESPD,,ES211,PER_100000_POP,67.8
2014,EU_SH_DTH_NCOM,CRESPD,,ES211,PER_100000_POP,57.6
2012,EU_SH_DTH_NCOM,CRESPD,,ES213,PER_100000_POP,72.9
2017,EU_SH_DTH_NCOM,CRESPD,,ES213,PER_100000_POP,89
2010,EU_SH_DTH_NCOM,CRESPD,,ES213,PER_100000_POP,64.1
2016,EU_SH_DTH_NCOM,CRESPD,,ES213,PER_100000_POP,79.5
2020,EU_SH_DTH_NCOM,CRESPD,,ES213,PER_100000_POP,57.2
2011,EU_SH_DTH_NCOM,CRESPD,,ES213,PER_100000_POP,67.4
2014,EU_SH_DTH_NCOM,CRESPD,,ES213,PER_100000_POP,68.9
2018,EU_SH_DTH_NCOM,CRESPD,,ES213,PER_100000_POP,89.1
2021,EU_SH_DTH_NCOM,CRESPD,,ES213,PER_100000_POP,57.9
2015,EU_SH_DTH_NCOM,CRESPD,,ES213,PER_100000_POP,83.8
2019,EU_SH_DTH_NCOM,CRESPD,,ES213,PER_100000_POP,79.1
2022,EU_SH_DTH_NCOM,CRESPD,,ES213,PER_100000_POP,61.3
2013,EU_SH_DTH_NCOM,CRESPD,,ES213,PER_100000_POP,71
2022,EU_SH_DTH_NCOM,CRESPD,,ES212,PER_100000_POP,54.6
2021,EU_SH_DTH_NCOM,CRESPD,,ES212,PER_100000_POP,53.6
2012,EU_SH_DTH_NCOM,CRESPD,,ES212,PER_100000_POP,70.5
2011,EU_SH_DTH_NCOM,CRESPD,,ES212,PER_100000_POP,65.7
2015,EU_SH_DTH_NCOM,CRESPD,,ES212,PER_100000_POP,75.2
2019,EU_SH_DTH_NCOM,CRESPD,,ES212,PER_100000_POP,71.9
2014,EU_SH_DTH_NCOM,CRESPD,,ES212,PER_100000_POP,73.5
2018,EU_SH_DTH_NCOM,CRESPD,,ES212,PER_100000_POP,75.7
2017,EU_SH_DTH_NCOM,CRESPD,,ES212,PER_100000_POP,79.3
2020,EU_SH_DTH_NCOM,CRESPD,,ES212,PER_100000_POP,53.2
2016,EU_SH_DTH_NCOM,CRESPD,,ES212,PER_100000_POP,75
2010,EU_SH_DTH_NCOM,CRESPD,,ES212,PER_100000_POP,66.3
2013,EU_SH_DTH_NCOM,CRESPD,,ES212,PER_100000_POP,65.2
2011,EU_SH_DTH_NCOM,CRESPD,F,,PER_100000_POP,53.7
2013,EU_SH_DTH_NCOM,CRESPD,F,,PER_100000_POP,60.1
2018,EU_SH_DTH_NCOM,CRESPD,F,,PER_100000_POP,75
2022,EU_SH_DTH_NCOM,CRESPD,F,,PER_100000_POP,50
2016,EU_SH_DTH_NCOM,CRESPD,F,,PER_100000_POP,67.9
2017,EU_SH_DTH_NCOM,CRESPD,F,,PER_100000_POP,76.2
2014,EU_SH_DTH_NCOM,CRESPD,F,,PER_100000_POP,60
2010,EU_SH_DTH_NCOM,CRESPD,F,,PER_100000_POP,52.5
2019,EU_SH_DTH_NCOM,CRESPD,F,,PER_100000_POP,68.1
2020,EU_SH_DTH_NCOM,CRESPD,F,,PER_100000_POP,49.8
2021,EU_SH_DTH_NCOM,CRESPD,F,,PER_100000_POP,43.8
2015,EU_SH_DTH_NCOM,CRESPD,F,,PER_100000_POP,68.2
2012,EU_SH_DTH_NCOM,CRESPD,F,,PER_100000_POP,60.5
2010,EU_SH_DTH_NCOM,CRESPD,F,ES211,PER_100000_POP,40.8
2016,EU_SH_DTH_NCOM,CRESPD,F,ES211,PER_100000_POP,58.7
2014,EU_SH_DTH_NCOM,CRESPD,F,ES211,PER_100000_POP,48.1
2012,EU_SH_DTH_NCOM,CRESPD,F,ES211,PER_100000_POP,45.8
2017,EU_SH_DTH_NCOM,CRESPD,F,ES211,PER_100000_POP,61.3
2011,EU_SH_DTH_NCOM,CRESPD,F,ES211,PER_100000_POP,42.3
2013,EU_SH_DTH_NCOM,CRESPD,F,ES211,PER_100000_POP,57.6
2015,EU_SH_DTH_NCOM,CRESPD,F,ES211,PER_100000_POP,59.5
2021,EU_SH_DTH_NCOM,CRESPD,F,ES211,PER_100000_POP,37.5
2020,EU_SH_DTH_NCOM,CRESPD,F,ES211,PER_100000_POP,48.8
2018,EU_SH_DTH_NCOM,CRESPD,F,ES211,PER_100000_POP,62.1
2022,EU_SH_DTH_NCOM,CRESPD,F,ES211,PER_100000_POP,47.9
2019,EU_SH_DTH_NCOM,CRESPD,F,ES211,PER_100000_POP,64
2020,EU_SH_DTH_NCOM,CRESPD,F,ES213,PER_100000_POP,51.6
2016,EU_SH_DTH_NCOM,CRESPD,F,ES213,PER_100000_POP,68.6
2022,EU_SH_DTH_NCOM,CRESPD,F,ES213,PER_100000_POP,52.3
2014,EU_SH_DTH_NCOM,CRESPD,F,ES213,PER_100000_POP,57.8
2011,EU_SH_DTH_NCOM,CRESPD,F,ES213,PER_100000_POP,53.3
2013,EU_SH_DTH_NCOM,CRESPD,F,ES213,PER_100000_POP,61.8
2015,EU_SH_DTH_NCOM,CRESPD,F,ES213,PER_100000_POP,72.3
2017,EU_SH_DTH_NCOM,CRESPD,F,ES213,PER_100000_POP,81.7
2021,EU_SH_DTH_NCOM,CRESPD,F,ES213,PER_100000_POP,46.9
2019,EU_SH_DTH_NCOM,CRESPD,F,ES213,PER_100000_POP,71.1
2010,EU_SH_DTH_NCOM,CRESPD,F,ES213,PER_100000_POP,51
2012,EU_SH_DTH_NCOM,CRESPD,F,ES213,PER_100000_POP,60
2018,EU_SH_DTH_NCOM,CRESPD,F,ES213,PER_100000_POP,80.8
2019,EU_SH_DTH_NCOM,CRESPD,F,ES212,PER_100000_POP,65
2016,EU_SH_DTH_NCOM,CRESPD,F,ES212,PER_100000_POP,71
2012,EU_SH_DTH_NCOM,CRESPD,F,ES212,PER_100000_POP,68
2011,EU_SH_DTH_NCOM,CRESPD,F,ES212,PER_100000_POP,59.6
2018,EU_SH_DTH_NCOM,CRESPD,F,ES212,PER_100000_POP,71.3
2022,EU_SH_DTH_NCOM,CRESPD,F,ES212,PER_100000_POP,47.1
2010,EU_SH_DTH_NCOM,CRESPD,F,ES212,PER_100000_POP,60.2
2020,EU_SH_DTH_NCOM,CRESPD,F,ES212,PER_100000_POP,47.3
2017,EU_SH_DTH_NCOM,CRESPD,F,ES212,PER_100000_POP,74
2014,EU_SH_DTH_NCOM,CRESPD,F,ES212,PER_100000_POP,68.8
2015,EU_SH_DTH_NCOM,CRESPD,F,ES212,PER_100000_POP,65.4
2021,EU_SH_DTH_NCOM,CRESPD,F,ES212,PER_100000_POP,41.7
2013,EU_SH_DTH_NCOM,CRESPD,F,ES212,PER_100000_POP,58.4
2016,EU_SH_DTH_NCOM,CRESPD,M,,PER_100000_POP,85.2
2017,EU_SH_DTH_NCOM,CRESPD,M,,PER_100000_POP,89.9
2019,EU_SH_DTH_NCOM,CRESPD,M,,PER_100000_POP,85.6
2014,EU_SH_DTH_NCOM,CRESPD,M,,PER_100000_POP,77.9
2015,EU_SH_DTH_NCOM,CRESPD,M,,PER_100000_POP,90.1
2011,EU_SH_DTH_NCOM,CRESPD,M,,PER_100000_POP,77.6
2012,EU_SH_DTH_NCOM,CRESPD,M,,PER_100000_POP,82.2
2021,EU_SH_DTH_NCOM,CRESPD,M,,PER_100000_POP,66
2018,EU_SH_DTH_NCOM,CRESPD,M,,PER_100000_POP,88.8
2010,EU_SH_DTH_NCOM,CRESPD,M,,PER_100000_POP,75.1
2022,EU_SH_DTH_NCOM,CRESPD,M,,PER_100000_POP,67.2
2020,EU_SH_DTH_NCOM,CRESPD,M,,PER_100000_POP,62.6
2013,EU_SH_DTH_NCOM,CRESPD,M,,PER_100000_POP,78.8
2010,EU_SH_DTH_NCOM,CRESPD,M,ES211,PER_100000_POP,70
2020,EU_SH_DTH_NCOM,CRESPD,M,ES211,PER_100000_POP,67.2
2013,EU_SH_DTH_NCOM,CRESPD,M,ES211,PER_100000_POP,85.7
2011,EU_SH_DTH_NCOM,CRESPD,M,ES211,PER_100000_POP,72.7
2021,EU_SH_DTH_NCOM,CRESPD,M,ES211,PER_100000_POP,53
2015,EU_SH_DTH_NCOM,CRESPD,M,ES211,PER_100000_POP,79.2
2012,EU_SH_DTH_NCOM,CRESPD,M,ES211,PER_100000_POP,86.4
2019,EU_SH_DTH_NCOM,CRESPD,M,ES211,PER_100000_POP,92.1
2016,EU_SH_DTH_NCOM,CRESPD,M,ES211,PER_100000_POP,77.2
2014,EU_SH_DTH_NCOM,CRESPD,M,ES211,PER_100000_POP,67.4
2018,EU_SH_DTH_NCOM,CRESPD,M,ES211,PER_100000_POP,75.9
2022,EU_SH_DTH_NCOM,CRESPD,M,ES211,PER_100000_POP,64.4
2017,EU_SH_DTH_NCOM,CRESPD,M,ES211,PER_100000_POP,76.3
2022,EU_SH_DTH_NCOM,CRESPD,M,ES213,PER_100000_POP,71
2018,EU_SH_DTH_NCOM,CRESPD,M,ES213,PER_100000_POP,97.9
2010,EU_SH_DTH_NCOM,CRESPD,M,ES213,PER_100000_POP,78
2013,EU_SH_DTH_NCOM,CRESPD,M,ES213,PER_100000_POP,80.9
2019,EU_SH_DTH_NCOM,CRESPD,M,ES213,PER_100000_POP,87.8
2011,EU_SH_DTH_NCOM,CRESPD,M,ES213,PER_100000_POP,82.4
2015,EU_SH_DTH_NCOM,CRESPD,M,ES213,PER_100000_POP,96.3
2012,EU_SH_DTH_NCOM,CRESPD,M,ES213,PER_100000_POP,86.7
2014,EU_SH_DTH_NCOM,CRESPD,M,ES213,PER_100000_POP,80.8
2021,EU_SH_DTH_NCOM,CRESPD,M,ES213,PER_100000_POP,69.7
2016,EU_SH_DTH_NCOM,CRESPD,M,ES213,PER_100000_POP,91.3
2020,EU_SH_DTH_NCOM,CRESPD,M,ES213,PER_100000_POP,63.3
2017,EU_SH_DTH_NCOM,CRESPD,M,ES213,PER_100000_POP,97
2012,EU_SH_DTH_NCOM,CRESPD,M,ES212,PER_100000_POP,73
2011,EU_SH_DTH_NCOM,CRESPD,M,ES212,PER_100000_POP,72.1
2010,EU_SH_DTH_NCOM,CRESPD,M,ES212,PER_100000_POP,72.6
2016,EU_SH_DTH_NCOM,CRESPD,M,ES212,PER_100000_POP,79.3
2018,EU_SH_DTH_NCOM,CRESPD,M,ES212,PER_100000_POP,80.4
2021,EU_SH_DTH_NCOM,CRESPD,M,ES212,PER_100000_POP,66.2
2014,EU_SH_DTH_NCOM,CRESPD,M,ES212,PER_100000_POP,78.3
2017,EU_SH_DTH_NCOM,CRESPD,M,ES212,PER_100000_POP,84.9
2022,EU_SH_DTH_NCOM,CRESPD,M,ES212,PER_100000_POP,62.5
2013,EU_SH_DTH_NCOM,CRESPD,M,ES212,PER_100000_POP,72.3
2015,EU_SH_DTH_NCOM,CRESPD,M,ES212,PER_100000_POP,85.4
2020,EU_SH_DTH_NCOM,CRESPD,M,ES212,PER_100000_POP,59.4
2019,EU_SH_DTH_NCOM,CRESPD,M,ES212,PER_100000_POP,79.1
